#pragma once
/*
    #version:1# (machine generated, don't edit!)

    Generated by sokol-shdc (https://github.com/floooh/sokol-tools)

    Cmdline:
        sokol-shdc -i shaders/post.glsl -o shaders/post.h --slang glsl410:glsl300es:hlsl4:metal_macos -f sokol_impl

    Overview:
    =========
    Shader program: 'post_blur':
        Get shader desc: post_blur_shader_desc(sg_query_backend());
        Vertex Shader: post_vs
        Fragment Shader: post_blur_fs
        Attributes:
            ATTR_post_blur_a_pos => 0
            ATTR_post_blur_a_uv => 1
    Shader program: 'post_bright':
        Get shader desc: post_bright_shader_desc(sg_query_backend());
        Vertex Shader: post_vs
        Fragment Shader: post_bright_fs
        Attributes:
            ATTR_post_bright_a_pos => 0
            ATTR_post_bright_a_uv => 1
    Shader program: 'post_color':
        Get shader desc: post_color_shader_desc(sg_query_backend());
        Vertex Shader: post_vs
        Fragment Shader: post_color_fs
        Attributes:
            ATTR_post_color_a_pos => 0
            ATTR_post_color_a_uv => 1
    Shader program: 'post_composite':
        Get shader desc: post_composite_shader_desc(sg_query_backend());
        Vertex Shader: post_vs
        Fragment Shader: post_composite_fs
        Attributes:
            ATTR_post_composite_a_pos => 0
            ATTR_post_composite_a_uv => 1
    Shader program: 'post_copy':
        Get shader desc: post_copy_shader_desc(sg_query_backend());
        Vertex Shader: post_vs
        Fragment Shader: post_copy_fs
        Attributes:
            ATTR_post_copy_a_pos => 0
            ATTR_post_copy_a_uv => 1
    Shader program: 'post_mix':
        Get shader desc: post_mix_shader_desc(sg_query_backend());
        Vertex Shader: post_vs
        Fragment Shader: post_mix_fs
        Attributes:
            ATTR_post_mix_a_pos => 0
            ATTR_post_mix_a_uv => 1
    Bindings:
        Uniform block 'post_vs_params':
            C struct: post_vs_params_t
            Bind slot: UB_post_vs_params => 0
        Uniform block 'post_blur_params':
            C struct: post_blur_params_t
            Bind slot: UB_post_blur_params => 1
        Uniform block 'post_bright_params':
            C struct: post_bright_params_t
            Bind slot: UB_post_bright_params => 1
        Uniform block 'post_color_params':
            C struct: post_color_params_t
            Bind slot: UB_post_color_params => 1
        Uniform block 'post_composite_params':
            C struct: post_composite_params_t
            Bind slot: UB_post_composite_params => 1
        Uniform block 'post_mix_params':
            C struct: post_mix_params_t
            Bind slot: UB_post_mix_params => 1
        Texture 'post_blur_src':
            Image type: SG_IMAGETYPE_2D
            Sample type: SG_IMAGESAMPLETYPE_FLOAT
            Multisampled: false
            Bind slot: VIEW_post_blur_src => 0
        Texture 'post_bright_src':
            Image type: SG_IMAGETYPE_2D
            Sample type: SG_IMAGESAMPLETYPE_FLOAT
            Multisampled: false
            Bind slot: VIEW_post_bright_src => 0
        Texture 'post_color_src':
            Image type: SG_IMAGETYPE_2D
            Sample type: SG_IMAGESAMPLETYPE_FLOAT
            Multisampled: false
            Bind slot: VIEW_post_color_src => 0
        Texture 'post_comp_base':
            Image type: SG_IMAGETYPE_2D
            Sample type: SG_IMAGESAMPLETYPE_FLOAT
            Multisampled: false
            Bind slot: VIEW_post_comp_base => 0
        Texture 'post_comp_add':
            Image type: SG_IMAGETYPE_2D
            Sample type: SG_IMAGESAMPLETYPE_FLOAT
            Multisampled: false
            Bind slot: VIEW_post_comp_add => 1
        Texture 'post_copy_src':
            Image type: SG_IMAGETYPE_2D
            Sample type: SG_IMAGESAMPLETYPE_FLOAT
            Multisampled: false
            Bind slot: VIEW_post_copy_src => 0
        Texture 'post_mix_a':
            Image type: SG_IMAGETYPE_2D
            Sample type: SG_IMAGESAMPLETYPE_FLOAT
            Multisampled: false
            Bind slot: VIEW_post_mix_a => 0
        Texture 'post_mix_b':
            Image type: SG_IMAGETYPE_2D
            Sample type: SG_IMAGESAMPLETYPE_FLOAT
            Multisampled: false
            Bind slot: VIEW_post_mix_b => 1
        Sampler 'post_blur_smp':
            Type: SG_SAMPLERTYPE_FILTERING
            Bind slot: SMP_post_blur_smp => 0
        Sampler 'post_bright_smp':
            Type: SG_SAMPLERTYPE_FILTERING
            Bind slot: SMP_post_bright_smp => 0
        Sampler 'post_color_smp':
            Type: SG_SAMPLERTYPE_FILTERING
            Bind slot: SMP_post_color_smp => 0
        Sampler 'post_comp_base_smp':
            Type: SG_SAMPLERTYPE_FILTERING
            Bind slot: SMP_post_comp_base_smp => 0
        Sampler 'post_comp_add_smp':
            Type: SG_SAMPLERTYPE_FILTERING
            Bind slot: SMP_post_comp_add_smp => 1
        Sampler 'post_copy_smp':
            Type: SG_SAMPLERTYPE_FILTERING
            Bind slot: SMP_post_copy_smp => 0
        Sampler 'post_mix_a_smp':
            Type: SG_SAMPLERTYPE_FILTERING
            Bind slot: SMP_post_mix_a_smp => 0
        Sampler 'post_mix_b_smp':
            Type: SG_SAMPLERTYPE_FILTERING
            Bind slot: SMP_post_mix_b_smp => 1
*/
#if !defined(SOKOL_GFX_INCLUDED)
#error "Please include sokol_gfx.h before post.h"
#endif
#if !defined(SOKOL_SHDC_ALIGN)
#if defined(_MSC_VER)
#define SOKOL_SHDC_ALIGN(a) __declspec(align(a))
#else
#define SOKOL_SHDC_ALIGN(a) __attribute__((aligned(a)))
#endif
#endif
const sg_shader_desc* post_blur_shader_desc(sg_backend backend);
const sg_shader_desc* post_bright_shader_desc(sg_backend backend);
const sg_shader_desc* post_color_shader_desc(sg_backend backend);
const sg_shader_desc* post_composite_shader_desc(sg_backend backend);
const sg_shader_desc* post_copy_shader_desc(sg_backend backend);
const sg_shader_desc* post_mix_shader_desc(sg_backend backend);
#define ATTR_post_blur_a_pos (0)
#define ATTR_post_blur_a_uv (1)
#define ATTR_post_bright_a_pos (0)
#define ATTR_post_bright_a_uv (1)
#define ATTR_post_color_a_pos (0)
#define ATTR_post_color_a_uv (1)
#define ATTR_post_composite_a_pos (0)
#define ATTR_post_composite_a_uv (1)
#define ATTR_post_copy_a_pos (0)
#define ATTR_post_copy_a_uv (1)
#define ATTR_post_mix_a_pos (0)
#define ATTR_post_mix_a_uv (1)
#define UB_post_vs_params (0)
#define UB_post_blur_params (1)
#define UB_post_bright_params (1)
#define UB_post_color_params (1)
#define UB_post_composite_params (1)
#define UB_post_mix_params (1)
#define VIEW_post_blur_src (0)
#define VIEW_post_bright_src (0)
#define VIEW_post_color_src (0)
#define VIEW_post_comp_base (0)
#define VIEW_post_comp_add (1)
#define VIEW_post_copy_src (0)
#define VIEW_post_mix_a (0)
#define VIEW_post_mix_b (1)
#define SMP_post_blur_smp (0)
#define SMP_post_bright_smp (0)
#define SMP_post_color_smp (0)
#define SMP_post_comp_base_smp (0)
#define SMP_post_comp_add_smp (1)
#define SMP_post_copy_smp (0)
#define SMP_post_mix_a_smp (0)
#define SMP_post_mix_b_smp (1)
#pragma pack(push,1)
SOKOL_SHDC_ALIGN(16) typedef struct post_vs_params_t {
    float post_params[4];
} post_vs_params_t;
#pragma pack(pop)
#pragma pack(push,1)
SOKOL_SHDC_ALIGN(16) typedef struct post_blur_params_t {
    float blur_dir[4];
} post_blur_params_t;
#pragma pack(pop)
#pragma pack(push,1)
SOKOL_SHDC_ALIGN(16) typedef struct post_bright_params_t {
    float bright_params[4];
} post_bright_params_t;
#pragma pack(pop)
#pragma pack(push,1)
SOKOL_SHDC_ALIGN(16) typedef struct post_color_params_t {
    float color_params[4];
    float tint[4];
} post_color_params_t;
#pragma pack(pop)
#pragma pack(push,1)
SOKOL_SHDC_ALIGN(16) typedef struct post_composite_params_t {
    float comp_params[4];
} post_composite_params_t;
#pragma pack(pop)
#pragma pack(push,1)
SOKOL_SHDC_ALIGN(16) typedef struct post_mix_params_t {
    float mix_params[4];
} post_mix_params_t;
#pragma pack(pop)
#if defined(SOKOL_SHDC_IMPL)
/*
    #version 410

    uniform vec4 post_vs_params[1];
    layout(location = 0) in vec2 a_pos;
    layout(location = 0) out vec2 efx_uv;
    layout(location = 1) in vec2 a_uv;

    void main()
    {
        gl_Position = vec4(a_pos.x, a_pos.y * post_vs_params[0].x, 0.0, 1.0);
        efx_uv = a_uv;
    }

*/
static const uint8_t post_vs_source_glsl410[267] = {
    0x23,0x76,0x65,0x72,0x73,0x69,0x6f,0x6e,0x20,0x34,0x31,0x30,0x0a,0x0a,0x75,0x6e,
    0x69,0x66,0x6f,0x72,0x6d,0x20,0x76,0x65,0x63,0x34,0x20,0x70,0x6f,0x73,0x74,0x5f,
    0x76,0x73,0x5f,0x70,0x61,0x72,0x61,0x6d,0x73,0x5b,0x31,0x5d,0x3b,0x0a,0x6c,0x61,
    0x79,0x6f,0x75,0x74,0x28,0x6c,0x6f,0x63,0x61,0x74,0x69,0x6f,0x6e,0x20,0x3d,0x20,
    0x30,0x29,0x20,0x69,0x6e,0x20,0x76,0x65,0x63,0x32,0x20,0x61,0x5f,0x70,0x6f,0x73,
    0x3b,0x0a,0x6c,0x61,0x79,0x6f,0x75,0x74,0x28,0x6c,0x6f,0x63,0x61,0x74,0x69,0x6f,
    0x6e,0x20,0x3d,0x20,0x30,0x29,0x20,0x6f,0x75,0x74,0x20,0x76,0x65,0x63,0x32,0x20,
    0x65,0x66,0x78,0x5f,0x75,0x76,0x3b,0x0a,0x6c,0x61,0x79,0x6f,0x75,0x74,0x28,0x6c,
    0x6f,0x63,0x61,0x74,0x69,0x6f,0x6e,0x20,0x3d,0x20,0x31,0x29,0x20,0x69,0x6e,0x20,
    0x76,0x65,0x63,0x32,0x20,0x61,0x5f,0x75,0x76,0x3b,0x0a,0x0a,0x76,0x6f,0x69,0x64,
    0x20,0x6d,0x61,0x69,0x6e,0x28,0x29,0x0a,0x7b,0x0a,0x20,0x20,0x20,0x20,0x67,0x6c,
    0x5f,0x50,0x6f,0x73,0x69,0x74,0x69,0x6f,0x6e,0x20,0x3d,0x20,0x76,0x65,0x63,0x34,
    0x28,0x61,0x5f,0x70,0x6f,0x73,0x2e,0x78,0x2c,0x20,0x61,0x5f,0x70,0x6f,0x73,0x2e,
    0x79,0x20,0x2a,0x20,0x70,0x6f,0x73,0x74,0x5f,0x76,0x73,0x5f,0x70,0x61,0x72,0x61,
    0x6d,0x73,0x5b,0x30,0x5d,0x2e,0x78,0x2c,0x20,0x30,0x2e,0x30,0x2c,0x20,0x31,0x2e,
    0x30,0x29,0x3b,0x0a,0x20,0x20,0x20,0x20,0x65,0x66,0x78,0x5f,0x75,0x76,0x20,0x3d,
    0x20,0x61,0x5f,0x75,0x76,0x3b,0x0a,0x7d,0x0a,0x0a,0x00,
};
/*
    #version 410

    uniform vec4 post_color_params[2];
    uniform sampler2D post_color_src_post_color_smp;

    layout(location = 0) in vec2 efx_uv;
    layout(location = 0) out vec4 frag_color;

    void main()
    {
        vec4 _24 = texture(post_color_src_post_color_smp, efx_uv);
        vec3 _29 = _24.xyz;
        vec3 _51 = (((_29 * post_color_params[0].x) - vec3(0.5)) * post_color_params[0].y) + vec3(0.5);
        frag_color = vec4(mix(_29, clamp(mix(vec3(dot(_51, vec3(0.2125999927520751953125, 0.715200006961822509765625, 0.072200000286102294921875))), _51, vec3(post_color_params[0].z)) * post_color_params[1].xyz, vec3(0.0), vec3(1.0)), vec3(post_color_params[0].w)), _24.w);
    }

*/
static const uint8_t post_color_fs_source_glsl410[654] = {
    0x23,0x76,0x65,0x72,0x73,0x69,0x6f,0x6e,0x20,0x34,0x31,0x30,0x0a,0x0a,0x75,0x6e,
    0x69,0x66,0x6f,0x72,0x6d,0x20,0x76,0x65,0x63,0x34,0x20,0x70,0x6f,0x73,0x74,0x5f,
    0x63,0x6f,0x6c,0x6f,0x72,0x5f,0x70,0x61,0x72,0x61,0x6d,0x73,0x5b,0x32,0x5d,0x3b,
    0x0a,0x75,0x6e,0x69,0x66,0x6f,0x72,0x6d,0x20,0x73,0x61,0x6d,0x70,0x6c,0x65,0x72,
    0x32,0x44,0x20,0x70,0x6f,0x73,0x74,0x5f,0x63,0x6f,0x6c,0x6f,0x72,0x5f,0x73,0x72,
    0x63,0x5f,0x70,0x6f,0x73,0x74,0x5f,0x63,0x6f,0x6c,0x6f,0x72,0x5f,0x73,0x6d,0x70,
    0x3b,0x0a,0x0a,0x6c,0x61,0x79,0x6f,0x75,0x74,0x28,0x6c,0x6f,0x63,0x61,0x74,0x69,
    0x6f,0x6e,0x20,0x3d,0x20,0x30,0x29,0x20,0x69,0x6e,0x20,0x76,0x65,0x63,0x32,0x20,
    0x65,0x66,0x78,0x5f,0x75,0x76,0x3b,0x0a,0x6c,0x61,0x79,0x6f,0x75,0x74,0x28,0x6c,
    0x6f,0x63,0x61,0x74,0x69,0x6f,0x6e,0x20,0x3d,0x20,0x30,0x29,0x20,0x6f,0x75,0x74,
    0x20,0x76,0x65,0x63,0x34,0x20,0x66,0x72,0x61,0x67,0x5f,0x63,0x6f,0x6c,0x6f,0x72,
    0x3b,0x0a,0x0a,0x76,0x6f,0x69,0x64,0x20,0x6d,0x61,0x69,0x6e,0x28,0x29,0x0a,0x7b,
    0x0a,0x20,0x20,0x20,0x20,0x76,0x65,0x63,0x34,0x20,0x5f,0x32,0x34,0x20,0x3d,0x20,
    0x74,0x65,0x78,0x74,0x75,0x72,0x65,0x28,0x70,0x6f,0x73,0x74,0x5f,0x63,0x6f,0x6c,
    0x6f,0x72,0x5f,0x73,0x72,0x63,0x5f,0x70,0x6f,0x73,0x74,0x5f,0x63,0x6f,0x6c,0x6f,
    0x72,0x5f,0x73,0x6d,0x70,0x2c,0x20,0x65,0x66,0x78,0x5f,0x75,0x76,0x29,0x3b,0x0a,
    0x20,0x20,0x20,0x20,0x76,0x65,0x63,0x33,0x20,0x5f,0x32,0x39,0x20,0x3d,0x20,0x5f,
    0x32,0x34,0x2e,0x78,0x79,0x7a,0x3b,0x0a,0x20,0x20,0x20,0x20,0x76,0x65,0x63,0x33,
    0x20,0x5f,0x35,0x31,0x20,0x3d,0x20,0x28,0x28,0x28,0x5f,0x32,0x39,0x20,0x2a,0x20,
    0x70,0x6f,0x73,0x74,0x5f,0x63,0x6f,0x6c,0x6f,0x72,0x5f,0x70,0x61,0x72,0x61,0x6d,
    0x73,0x5b,0x30,0x5d,0x2e,0x78,0x29,0x20,0x2d,0x20,0x76,0x65,0x63,0x33,0x28,0x30,
    0x2e,0x35,0x29,0x29,0x20,0x2a,0x20,0x70,0x6f,0x73,0x74,0x5f,0x63,0x6f,0x6c,0x6f,
    0x72,0x5f,0x70,0x61,0x72,0x61,0x6d,0x73,0x5b,0x30,0x5d,0x2e,0x79,0x29,0x20,0x2b,
    0x20,0x76,0x65,0x63,0x33,0x28,0x30,0x2e,0x35,0x29,0x3b,0x0a,0x20,0x20,0x20,0x20,
    0x66,0x72,0x61,0x67,0x5f,0x63,0x6f,0x6c,0x6f,0x72,0x20,0x3d,0x20,0x76,0x65,0x63,
    0x34,0x28,0x6d,0x69,0x78,0x28,0x5f,0x32,0x39,0x2c,0x20,0x63,0x6c,0x61,0x6d,0x70,
    0x28,0x6d,0x69,0x78,0x28,0x76,0x65,0x63,0x33,0x28,0x64,0x6f,0x74,0x28,0x5f,0x35,
    0x31,0x2c,0x20,0x76,0x65,0x63,0x33,0x28,0x30,0x2e,0x32,0x31,0x32,0x35,0x39,0x39,
    0x39,0x39,0x32,0x37,0x35,0x32,0x30,0x37,0x35,0x31,0x39,0x35,0x33,0x31,0x32,0x35,
    0x2c,0x20,0x30,0x2e,0x37,0x31,0x35,0x32,0x30,0x30,0x30,0x30,0x36,0x39,0x36,0x31,
    0x38,0x32,0x32,0x35,0x30,0x39,0x37,0x36,0x35,0x36,0x32,0x35,0x2c,0x20,0x30,0x2e,
    0x30,0x37,0x32,0x32,0x30,0x30,0x30,0x30,0x30,0x32,0x38,0x36,0x31,0x30,0x32,0x32,
    0x39,0x34,0x39,0x32,0x31,0x38,0x37,0x35,0x29,0x29,0x29,0x2c,0x20,0x5f,0x35,0x31,
    0x2c,0x20,0x76,0x65,0x63,0x33,0x28,0x70,0x6f,0x73,0x74,0x5f,0x63,0x6f,0x6c,0x6f,
    0x72,0x5f,0x70,0x61,0x72,0x61,0x6d,0x73,0x5b,0x30,0x5d,0x2e,0x7a,0x29,0x29,0x20,
    0x2a,0x20,0x70,0x6f,0x73,0x74,0x5f,0x63,0x6f,0x6c,0x6f,0x72,0x5f,0x70,0x61,0x72,
    0x61,0x6d,0x73,0x5b,0x31,0x5d,0x2e,0x78,0x79,0x7a,0x2c,0x20,0x76,0x65,0x63,0x33,
    0x28,0x30,0x2e,0x30,0x29,0x2c,0x20,0x76,0x65,0x63,0x33,0x28,0x31,0x2e,0x30,0x29,
    0x29,0x2c,0x20,0x76,0x65,0x63,0x33,0x28,0x70,0x6f,0x73,0x74,0x5f,0x63,0x6f,0x6c,
    0x6f,0x72,0x5f,0x70,0x61,0x72,0x61,0x6d,0x73,0x5b,0x30,0x5d,0x2e,0x77,0x29,0x29,
    0x2c,0x20,0x5f,0x32,0x34,0x2e,0x77,0x29,0x3b,0x0a,0x7d,0x0a,0x0a,0x00,
};
/*
    #version 410

    uniform vec4 post_blur_params[1];
    uniform sampler2D post_blur_src_post_blur_smp;

    layout(location = 0) in vec2 efx_uv;
    layout(location = 0) out vec4 frag_color;

    void main()
    {
        vec4 acc = texture(post_blur_src_post_blur_smp, efx_uv);
        float wsum = 1.0;
        for (int i = 1; i <= 4; i++)
        {
            float _43 = float(i);
            float _53 = exp((_43 * (-0.25)) * (_43 * 0.5));
            vec2 _67 = post_blur_params[0].xy * _43;
            acc = (acc + (texture(post_blur_src_post_blur_smp, efx_uv + _67) * _53)) + (texture(post_blur_src_post_blur_smp, efx_uv - _67) * _53);
            wsum += (2.0 * _53);
        }
        frag_color = acc / vec4(wsum);
    }

*/
static const uint8_t post_blur_fs_source_glsl410[664] = {
    0x23,0x76,0x65,0x72,0x73,0x69,0x6f,0x6e,0x20,0x34,0x31,0x30,0x0a,0x0a,0x75,0x6e,
    0x69,0x66,0x6f,0x72,0x6d,0x20,0x76,0x65,0x63,0x34,0x20,0x70,0x6f,0x73,0x74,0x5f,
    0x62,0x6c,0x75,0x72,0x5f,0x70,0x61,0x72,0x61,0x6d,0x73,0x5b,0x31,0x5d,0x3b,0x0a,
    0x75,0x6e,0x69,0x66,0x6f,0x72,0x6d,0x20,0x73,0x61,0x6d,0x70,0x6c,0x65,0x72,0x32,
    0x44,0x20,0x70,0x6f,0x73,0x74,0x5f,0x62,0x6c,0x75,0x72,0x5f,0x73,0x72,0x63,0x5f,
    0x70,0x6f,0x73,0x74,0x5f,0x62,0x6c,0x75,0x72,0x5f,0x73,0x6d,0x70,0x3b,0x0a,0x0a,
    0x6c,0x61,0x79,0x6f,0x75,0x74,0x28,0x6c,0x6f,0x63,0x61,0x74,0x69,0x6f,0x6e,0x20,
    0x3d,0x20,0x30,0x29,0x20,0x69,0x6e,0x20,0x76,0x65,0x63,0x32,0x20,0x65,0x66,0x78,
    0x5f,0x75,0x76,0x3b,0x0a,0x6c,0x61,0x79,0x6f,0x75,0x74,0x28,0x6c,0x6f,0x63,0x61,
    0x74,0x69,0x6f,0x6e,0x20,0x3d,0x20,0x30,0x29,0x20,0x6f,0x75,0x74,0x20,0x76,0x65,
    0x63,0x34,0x20,0x66,0x72,0x61,0x67,0x5f,0x63,0x6f,0x6c,0x6f,0x72,0x3b,0x0a,0x0a,
    0x76,0x6f,0x69,0x64,0x20,0x6d,0x61,0x69,0x6e,0x28,0x29,0x0a,0x7b,0x0a,0x20,0x20,
    0x20,0x20,0x76,0x65,0x63,0x34,0x20,0x61,0x63,0x63,0x20,0x3d,0x20,0x74,0x65,0x78,
    0x74,0x75,0x72,0x65,0x28,0x70,0x6f,0x73,0x74,0x5f,0x62,0x6c,0x75,0x72,0x5f,0x73,
    0x72,0x63,0x5f,0x70,0x6f,0x73,0x74,0x5f,0x62,0x6c,0x75,0x72,0x5f,0x73,0x6d,0x70,
    0x2c,0x20,0x65,0x66,0x78,0x5f,0x75,0x76,0x29,0x3b,0x0a,0x20,0x20,0x20,0x20,0x66,
    0x6c,0x6f,0x61,0x74,0x20,0x77,0x73,0x75,0x6d,0x20,0x3d,0x20,0x31,0x2e,0x30,0x3b,
    0x0a,0x20,0x20,0x20,0x20,0x66,0x6f,0x72,0x20,0x28,0x69,0x6e,0x74,0x20,0x69,0x20,
    0x3d,0x20,0x31,0x3b,0x20,0x69,0x20,0x3c,0x3d,0x20,0x34,0x3b,0x20,0x69,0x2b,0x2b,
    0x29,0x0a,0x20,0x20,0x20,0x20,0x7b,0x0a,0x20,0x20,0x20,0x20,0x20,0x20,0x20,0x20,
    0x66,0x6c,0x6f,0x61,0x74,0x20,0x5f,0x34,0x33,0x20,0x3d,0x20,0x66,0x6c,0x6f,0x61,
    0x74,0x28,0x69,0x29,0x3b,0x0a,0x20,0x20,0x20,0x20,0x20,0x20,0x20,0x20,0x66,0x6c,
    0x6f,0x61,0x74,0x20,0x5f,0x35,0x33,0x20,0x3d,0x20,0x65,0x78,0x70,0x28,0x28,0x5f,
    0x34,0x33,0x20,0x2a,0x20,0x28,0x2d,0x30,0x2e,0x32,0x35,0x29,0x29,0x20,0x2a,0x20,
    0x28,0x5f,0x34,0x33,0x20,0x2a,0x20,0x30,0x2e,0x35,0x29,0x29,0x3b,0x0a,0x20,0x20,
    0x20,0x20,0x20,0x20,0x20,0x20,0x76,0x65,0x63,0x32,0x20,0x5f,0x36,0x37,0x20,0x3d,
    0x20,0x70,0x6f,0x73,0x74,0x5f,0x62,0x6c,0x75,0x72,0x5f,0x70,0x61,0x72,0x61,0x6d,
    0x73,0x5b,0x30,0x5d,0x2e,0x78,0x79,0x20,0x2a,0x20,0x5f,0x34,0x33,0x3b,0x0a,0x20,
    0x20,0x20,0x20,0x20,0x20,0x20,0x20,0x61,0x63,0x63,0x20,0x3d,0x20,0x28,0x61,0x63,
    0x63,0x20,0x2b,0x20,0x28,0x74,0x65,0x78,0x74,0x75,0x72,0x65,0x28,0x70,0x6f,0x73,
    0x74,0x5f,0x62,0x6c,0x75,0x72,0x5f,0x73,0x72,0x63,0x5f,0x70,0x6f,0x73,0x74,0x5f,
    0x62,0x6c,0x75,0x72,0x5f,0x73,0x6d,0x70,0x2c,0x20,0x65,0x66,0x78,0x5f,0x75,0x76,
    0x20,0x2b,0x20,0x5f,0x36,0x37,0x29,0x20,0x2a,0x20,0x5f,0x35,0x33,0x29,0x29,0x20,
    0x2b,0x20,0x28,0x74,0x65,0x78,0x74,0x75,0x72,0x65,0x28,0x70,0x6f,0x73,0x74,0x5f,
    0x62,0x6c,0x75,0x72,0x5f,0x73,0x72,0x63,0x5f,0x70,0x6f,0x73,0x74,0x5f,0x62,0x6c,
    0x75,0x72,0x5f,0x73,0x6d,0x70,0x2c,0x20,0x65,0x66,0x78,0x5f,0x75,0x76,0x20,0x2d,
    0x20,0x5f,0x36,0x37,0x29,0x20,0x2a,0x20,0x5f,0x35,0x33,0x29,0x3b,0x0a,0x20,0x20,
    0x20,0x20,0x20,0x20,0x20,0x20,0x77,0x73,0x75,0x6d,0x20,0x2b,0x3d,0x20,0x28,0x32,
    0x2e,0x30,0x20,0x2a,0x20,0x5f,0x35,0x33,0x29,0x3b,0x0a,0x20,0x20,0x20,0x20,0x7d,
    0x0a,0x20,0x20,0x20,0x20,0x66,0x72,0x61,0x67,0x5f,0x63,0x6f,0x6c,0x6f,0x72,0x20,
    0x3d,0x20,0x61,0x63,0x63,0x20,0x2f,0x20,0x76,0x65,0x63,0x34,0x28,0x77,0x73,0x75,
    0x6d,0x29,0x3b,0x0a,0x7d,0x0a,0x0a,0x00,
};
/*
    #version 410

    uniform vec4 post_bright_params[1];
    uniform sampler2D post_bright_src_post_bright_smp;

    layout(location = 0) in vec2 efx_uv;
    layout(location = 0) out vec4 frag_color;

    void main()
    {
        vec4 _24 = texture(post_bright_src_post_bright_smp, efx_uv);
        vec3 _29 = _24.xyz;
        float _34 = dot(_29, vec3(0.2125999927520751953125, 0.715200006961822509765625, 0.072200000286102294921875));
        float _51 = (_34 > post_bright_params[0].x) ? _34 : 0.0;
        float _55;
        if (_51 > 0.0)
        {
            _55 = (_51 - post_bright_params[0].x) / _51;
        }
        else
        {
            _55 = 0.0;
        }
        frag_color = vec4(_29 * _55, _24.w);
    }

*/
static const uint8_t post_bright_fs_source_glsl410[644] = {
    0x23,0x76,0x65,0x72,0x73,0x69,0x6f,0x6e,0x20,0x34,0x31,0x30,0x0a,0x0a,0x75,0x6e,
    0x69,0x66,0x6f,0x72,0x6d,0x20,0x76,0x65,0x63,0x34,0x20,0x70,0x6f,0x73,0x74,0x5f,
    0x62,0x72,0x69,0x67,0x68,0x74,0x5f,0x70,0x61,0x72,0x61,0x6d,0x73,0x5b,0x31,0x5d,
    0x3b,0x0a,0x75,0x6e,0x69,0x66,0x6f,0x72,0x6d,0x20,0x73,0x61,0x6d,0x70,0x6c,0x65,
    0x72,0x32,0x44,0x20,0x70,0x6f,0x73,0x74,0x5f,0x62,0x72,0x69,0x67,0x68,0x74,0x5f,
    0x73,0x72,0x63,0x5f,0x70,0x6f,0x73,0x74,0x5f,0x62,0x72,0x69,0x67,0x68,0x74,0x5f,
    0x73,0x6d,0x70,0x3b,0x0a,0x0a,0x6c,0x61,0x79,0x6f,0x75,0x74,0x28,0x6c,0x6f,0x63,
    0x61,0x74,0x69,0x6f,0x6e,0x20,0x3d,0x20,0x30,0x29,0x20,0x69,0x6e,0x20,0x76,0x65,
    0x63,0x32,0x20,0x65,0x66,0x78,0x5f,0x75,0x76,0x3b,0x0a,0x6c,0x61,0x79,0x6f,0x75,
    0x74,0x28,0x6c,0x6f,0x63,0x61,0x74,0x69,0x6f,0x6e,0x20,0x3d,0x20,0x30,0x29,0x20,
    0x6f,0x75,0x74,0x20,0x76,0x65,0x63,0x34,0x20,0x66,0x72,0x61,0x67,0x5f,0x63,0x6f,
    0x6c,0x6f,0x72,0x3b,0x0a,0x0a,0x76,0x6f,0x69,0x64,0x20,0x6d,0x61,0x69,0x6e,0x28,
    0x29,0x0a,0x7b,0x0a,0x20,0x20,0x20,0x20,0x76,0x65,0x63,0x34,0x20,0x5f,0x32,0x34,
    0x20,0x3d,0x20,0x74,0x65,0x78,0x74,0x75,0x72,0x65,0x28,0x70,0x6f,0x73,0x74,0x5f,
    0x62,0x72,0x69,0x67,0x68,0x74,0x5f,0x73,0x72,0x63,0x5f,0x70,0x6f,0x73,0x74,0x5f,
    0x62,0x72,0x69,0x67,0x68,0x74,0x5f,0x73,0x6d,0x70,0x2c,0x20,0x65,0x66,0x78,0x5f,
    0x75,0x76,0x29,0x3b,0x0a,0x20,0x20,0x20,0x20,0x76,0x65,0x63,0x33,0x20,0x5f,0x32,
    0x39,0x20,0x3d,0x20,0x5f,0x32,0x34,0x2e,0x78,0x79,0x7a,0x3b,0x0a,0x20,0x20,0x20,
    0x20,0x66,0x6c,0x6f,0x61,0x74,0x20,0x5f,0x33,0x34,0x20,0x3d,0x20,0x64,0x6f,0x74,
    0x28,0x5f,0x32,0x39,0x2c,0x20,0x76,0x65,0x63,0x33,0x28,0x30,0x2e,0x32,0x31,0x32,
    0x35,0x39,0x39,0x39,0x39,0x32,0x37,0x35,0x32,0x30,0x37,0x35,0x31,0x39,0x35,0x33,
    0x31,0x32,0x35,0x2c,0x20,0x30,0x2e,0x37,0x31,0x35,0x32,0x30,0x30,0x30,0x30,0x36,
    0x39,0x36,0x31,0x38,0x32,0x32,0x35,0x30,0x39,0x37,0x36,0x35,0x36,0x32,0x35,0x2c,
    0x20,0x30,0x2e,0x30,0x37,0x32,0x32,0x30,0x30,0x30,0x30,0x30,0x32,0x38,0x36,0x31,
    0x30,0x32,0x32,0x39,0x34,0x39,0x32,0x31,0x38,0x37,0x35,0x29,0x29,0x3b,0x0a,0x20,
    0x20,0x20,0x20,0x66,0x6c,0x6f,0x61,0x74,0x20,0x5f,0x35,0x31,0x20,0x3d,0x20,0x28,
    0x5f,0x33,0x34,0x20,0x3e,0x20,0x70,0x6f,0x73,0x74,0x5f,0x62,0x72,0x69,0x67,0x68,
    0x74,0x5f,0x70,0x61,0x72,0x61,0x6d,0x73,0x5b,0x30,0x5d,0x2e,0x78,0x29,0x20,0x3f,
    0x20,0x5f,0x33,0x34,0x20,0x3a,0x20,0x30,0x2e,0x30,0x3b,0x0a,0x20,0x20,0x20,0x20,
    0x66,0x6c,0x6f,0x61,0x74,0x20,0x5f,0x35,0x35,0x3b,0x0a,0x20,0x20,0x20,0x20,0x69,
    0x66,0x20,0x28,0x5f,0x35,0x31,0x20,0x3e,0x20,0x30,0x2e,0x30,0x29,0x0a,0x20,0x20,
    0x20,0x20,0x7b,0x0a,0x20,0x20,0x20,0x20,0x20,0x20,0x20,0x20,0x5f,0x35,0x35,0x20,
    0x3d,0x20,0x28,0x5f,0x35,0x31,0x20,0x2d,0x20,0x70,0x6f,0x73,0x74,0x5f,0x62,0x72,
    0x69,0x67,0x68,0x74,0x5f,0x70,0x61,0x72,0x61,0x6d,0x73,0x5b,0x30,0x5d,0x2e,0x78,
    0x29,0x20,0x2f,0x20,0x5f,0x35,0x31,0x3b,0x0a,0x20,0x20,0x20,0x20,0x7d,0x0a,0x20,
    0x20,0x20,0x20,0x65,0x6c,0x73,0x65,0x0a,0x20,0x20,0x20,0x20,0x7b,0x0a,0x20,0x20,
    0x20,0x20,0x20,0x20,0x20,0x20,0x5f,0x35,0x35,0x20,0x3d,0x20,0x30,0x2e,0x30,0x3b,
    0x0a,0x20,0x20,0x20,0x20,0x7d,0x0a,0x20,0x20,0x20,0x20,0x66,0x72,0x61,0x67,0x5f,
    0x63,0x6f,0x6c,0x6f,0x72,0x20,0x3d,0x20,0x76,0x65,0x63,0x34,0x28,0x5f,0x32,0x39,
    0x20,0x2a,0x20,0x5f,0x35,0x35,0x2c,0x20,0x5f,0x32,0x34,0x2e,0x77,0x29,0x3b,0x0a,
    0x7d,0x0a,0x0a,0x00,
};
/*
    #version 410

    uniform vec4 post_mix_params[1];
    uniform sampler2D post_mix_a_post_mix_a_smp;
    uniform sampler2D post_mix_b_post_mix_b_smp;

    layout(location = 0) in vec2 efx_uv;
    layout(location = 0) out vec4 frag_color;

    void main()
    {
        frag_color = mix(texture(post_mix_a_post_mix_a_smp, efx_uv), texture(post_mix_b_post_mix_b_smp, efx_uv), vec4(post_mix_params[0].x));
    }

*/
static const uint8_t post_mix_fs_source_glsl410[374] = {
    0x23,0x76,0x65,0x72,0x73,0x69,0x6f,0x6e,0x20,0x34,0x31,0x30,0x0a,0x0a,0x75,0x6e,
    0x69,0x66,0x6f,0x72,0x6d,0x20,0x76,0x65,0x63,0x34,0x20,0x70,0x6f,0x73,0x74,0x5f,
    0x6d,0x69,0x78,0x5f,0x70,0x61,0x72,0x61,0x6d,0x73,0x5b,0x31,0x5d,0x3b,0x0a,0x75,
    0x6e,0x69,0x66,0x6f,0x72,0x6d,0x20,0x73,0x61,0x6d,0x70,0x6c,0x65,0x72,0x32,0x44,
    0x20,0x70,0x6f,0x73,0x74,0x5f,0x6d,0x69,0x78,0x5f,0x61,0x5f,0x70,0x6f,0x73,0x74,
    0x5f,0x6d,0x69,0x78,0x5f,0x61,0x5f,0x73,0x6d,0x70,0x3b,0x0a,0x75,0x6e,0x69,0x66,
    0x6f,0x72,0x6d,0x20,0x73,0x61,0x6d,0x70,0x6c,0x65,0x72,0x32,0x44,0x20,0x70,0x6f,
    0x73,0x74,0x5f,0x6d,0x69,0x78,0x5f,0x62,0x5f,0x70,0x6f,0x73,0x74,0x5f,0x6d,0x69,
    0x78,0x5f,0x62,0x5f,0x73,0x6d,0x70,0x3b,0x0a,0x0a,0x6c,0x61,0x79,0x6f,0x75,0x74,
    0x28,0x6c,0x6f,0x63,0x61,0x74,0x69,0x6f,0x6e,0x20,0x3d,0x20,0x30,0x29,0x20,0x69,
    0x6e,0x20,0x76,0x65,0x63,0x32,0x20,0x65,0x66,0x78,0x5f,0x75,0x76,0x3b,0x0a,0x6c,
    0x61,0x79,0x6f,0x75,0x74,0x28,0x6c,0x6f,0x63,0x61,0x74,0x69,0x6f,0x6e,0x20,0x3d,
    0x20,0x30,0x29,0x20,0x6f,0x75,0x74,0x20,0x76,0x65,0x63,0x34,0x20,0x66,0x72,0x61,
    0x67,0x5f,0x63,0x6f,0x6c,0x6f,0x72,0x3b,0x0a,0x0a,0x76,0x6f,0x69,0x64,0x20,0x6d,
    0x61,0x69,0x6e,0x28,0x29,0x0a,0x7b,0x0a,0x20,0x20,0x20,0x20,0x66,0x72,0x61,0x67,
    0x5f,0x63,0x6f,0x6c,0x6f,0x72,0x20,0x3d,0x20,0x6d,0x69,0x78,0x28,0x74,0x65,0x78,
    0x74,0x75,0x72,0x65,0x28,0x70,0x6f,0x73,0x74,0x5f,0x6d,0x69,0x78,0x5f,0x61,0x5f,
    0x70,0x6f,0x73,0x74,0x5f,0x6d,0x69,0x78,0x5f,0x61,0x5f,0x73,0x6d,0x70,0x2c,0x20,
    0x65,0x66,0x78,0x5f,0x75,0x76,0x29,0x2c,0x20,0x74,0x65,0x78,0x74,0x75,0x72,0x65,
    0x28,0x70,0x6f,0x73,0x74,0x5f,0x6d,0x69,0x78,0x5f,0x62,0x5f,0x70,0x6f,0x73,0x74,
    0x5f,0x6d,0x69,0x78,0x5f,0x62,0x5f,0x73,0x6d,0x70,0x2c,0x20,0x65,0x66,0x78,0x5f,
    0x75,0x76,0x29,0x2c,0x20,0x76,0x65,0x63,0x34,0x28,0x70,0x6f,0x73,0x74,0x5f,0x6d,
    0x69,0x78,0x5f,0x70,0x61,0x72,0x61,0x6d,0x73,0x5b,0x30,0x5d,0x2e,0x78,0x29,0x29,
    0x3b,0x0a,0x7d,0x0a,0x0a,0x00,
};
/*
    #version 410

    uniform vec4 post_composite_params[1];
    uniform sampler2D post_comp_base_post_comp_base_smp;
    uniform sampler2D post_comp_add_post_comp_add_smp;

    layout(location = 0) in vec2 efx_uv;
    layout(location = 0) out vec4 frag_color;

    void main()
    {
        vec4 _24 = texture(post_comp_base_post_comp_base_smp, efx_uv);
        vec3 _37 = _24.xyz;
        frag_color = vec4(mix(_37, clamp(_37 + (texture(post_comp_add_post_comp_add_smp, efx_uv).xyz * post_composite_params[0].x), vec3(0.0), vec3(1.0)), vec3(post_composite_params[0].y)), _24.w);
    }

*/
static const uint8_t post_composite_fs_source_glsl410[541] = {
    0x23,0x76,0x65,0x72,0x73,0x69,0x6f,0x6e,0x20,0x34,0x31,0x30,0x0a,0x0a,0x75,0x6e,
    0x69,0x66,0x6f,0x72,0x6d,0x20,0x76,0x65,0x63,0x34,0x20,0x70,0x6f,0x73,0x74,0x5f,
    0x63,0x6f,0x6d,0x70,0x6f,0x73,0x69,0x74,0x65,0x5f,0x70,0x61,0x72,0x61,0x6d,0x73,
    0x5b,0x31,0x5d,0x3b,0x0a,0x75,0x6e,0x69,0x66,0x6f,0x72,0x6d,0x20,0x73,0x61,0x6d,
    0x70,0x6c,0x65,0x72,0x32,0x44,0x20,0x70,0x6f,0x73,0x74,0x5f,0x63,0x6f,0x6d,0x70,
    0x5f,0x62,0x61,0x73,0x65,0x5f,0x70,0x6f,0x73,0x74,0x5f,0x63,0x6f,0x6d,0x70,0x5f,
    0x62,0x61,0x73,0x65,0x5f,0x73,0x6d,0x70,0x3b,0x0a,0x75,0x6e,0x69,0x66,0x6f,0x72,
    0x6d,0x20,0x73,0x61,0x6d,0x70,0x6c,0x65,0x72,0x32,0x44,0x20,0x70,0x6f,0x73,0x74,
    0x5f,0x63,0x6f,0x6d,0x70,0x5f,0x61,0x64,0x64,0x5f,0x70,0x6f,0x73,0x74,0x5f,0x63,
    0x6f,0x6d,0x70,0x5f,0x61,0x64,0x64,0x5f,0x73,0x6d,0x70,0x3b,0x0a,0x0a,0x6c,0x61,
    0x79,0x6f,0x75,0x74,0x28,0x6c,0x6f,0x63,0x61,0x74,0x69,0x6f,0x6e,0x20,0x3d,0x20,
    0x30,0x29,0x20,0x69,0x6e,0x20,0x76,0x65,0x63,0x32,0x20,0x65,0x66,0x78,0x5f,0x75,
    0x76,0x3b,0x0a,0x6c,0x61,0x79,0x6f,0x75,0x74,0x28,0x6c,0x6f,0x63,0x61,0x74,0x69,
    0x6f,0x6e,0x20,0x3d,0x20,0x30,0x29,0x20,0x6f,0x75,0x74,0x20,0x76,0x65,0x63,0x34,
    0x20,0x66,0x72,0x61,0x67,0x5f,0x63,0x6f,0x6c,0x6f,0x72,0x3b,0x0a,0x0a,0x76,0x6f,
    0x69,0x64,0x20,0x6d,0x61,0x69,0x6e,0x28,0x29,0x0a,0x7b,0x0a,0x20,0x20,0x20,0x20,
    0x76,0x65,0x63,0x34,0x20,0x5f,0x32,0x34,0x20,0x3d,0x20,0x74,0x65,0x78,0x74,0x75,
    0x72,0x65,0x28,0x70,0x6f,0x73,0x74,0x5f,0x63,0x6f,0x6d,0x70,0x5f,0x62,0x61,0x73,
    0x65,0x5f,0x70,0x6f,0x73,0x74,0x5f,0x63,0x6f,0x6d,0x70,0x5f,0x62,0x61,0x73,0x65,
    0x5f,0x73,0x6d,0x70,0x2c,0x20,0x65,0x66,0x78,0x5f,0x75,0x76,0x29,0x3b,0x0a,0x20,
    0x20,0x20,0x20,0x76,0x65,0x63,0x33,0x20,0x5f,0x33,0x37,0x20,0x3d,0x20,0x5f,0x32,
    0x34,0x2e,0x78,0x79,0x7a,0x3b,0x0a,0x20,0x20,0x20,0x20,0x66,0x72,0x61,0x67,0x5f,
    0x63,0x6f,0x6c,0x6f,0x72,0x20,0x3d,0x20,0x76,0x65,0x63,0x34,0x28,0x6d,0x69,0x78,
    0x28,0x5f,0x33,0x37,0x2c,0x20,0x63,0x6c,0x61,0x6d,0x70,0x28,0x5f,0x33,0x37,0x20,
    0x2b,0x20,0x28,0x74,0x65,0x78,0x74,0x75,0x72,0x65,0x28,0x70,0x6f,0x73,0x74,0x5f,
    0x63,0x6f,0x6d,0x70,0x5f,0x61,0x64,0x64,0x5f,0x70,0x6f,0x73,0x74,0x5f,0x63,0x6f,
    0x6d,0x70,0x5f,0x61,0x64,0x64,0x5f,0x73,0x6d,0x70,0x2c,0x20,0x65,0x66,0x78,0x5f,
    0x75,0x76,0x29,0x2e,0x78,0x79,0x7a,0x20,0x2a,0x20,0x70,0x6f,0x73,0x74,0x5f,0x63,
    0x6f,0x6d,0x70,0x6f,0x73,0x69,0x74,0x65,0x5f,0x70,0x61,0x72,0x61,0x6d,0x73,0x5b,
    0x30,0x5d,0x2e,0x78,0x29,0x2c,0x20,0x76,0x65,0x63,0x33,0x28,0x30,0x2e,0x30,0x29,
    0x2c,0x20,0x76,0x65,0x63,0x33,0x28,0x31,0x2e,0x30,0x29,0x29,0x2c,0x20,0x76,0x65,
    0x63,0x33,0x28,0x70,0x6f,0x73,0x74,0x5f,0x63,0x6f,0x6d,0x70,0x6f,0x73,0x69,0x74,
    0x65,0x5f,0x70,0x61,0x72,0x61,0x6d,0x73,0x5b,0x30,0x5d,0x2e,0x79,0x29,0x29,0x2c,
    0x20,0x5f,0x32,0x34,0x2e,0x77,0x29,0x3b,0x0a,0x7d,0x0a,0x0a,0x00,
};
/*
    #version 410

    uniform sampler2D post_copy_src_post_copy_smp;

    layout(location = 0) out vec4 frag_color;
    layout(location = 0) in vec2 efx_uv;

    void main()
    {
        frag_color = texture(post_copy_src_post_copy_smp, efx_uv);
    }

*/
static const uint8_t post_copy_fs_source_glsl410[223] = {
    0x23,0x76,0x65,0x72,0x73,0x69,0x6f,0x6e,0x20,0x34,0x31,0x30,0x0a,0x0a,0x75,0x6e,
    0x69,0x66,0x6f,0x72,0x6d,0x20,0x73,0x61,0x6d,0x70,0x6c,0x65,0x72,0x32,0x44,0x20,
    0x70,0x6f,0x73,0x74,0x5f,0x63,0x6f,0x70,0x79,0x5f,0x73,0x72,0x63,0x5f,0x70,0x6f,
    0x73,0x74,0x5f,0x63,0x6f,0x70,0x79,0x5f,0x73,0x6d,0x70,0x3b,0x0a,0x0a,0x6c,0x61,
    0x79,0x6f,0x75,0x74,0x28,0x6c,0x6f,0x63,0x61,0x74,0x69,0x6f,0x6e,0x20,0x3d,0x20,
    0x30,0x29,0x20,0x6f,0x75,0x74,0x20,0x76,0x65,0x63,0x34,0x20,0x66,0x72,0x61,0x67,
    0x5f,0x63,0x6f,0x6c,0x6f,0x72,0x3b,0x0a,0x6c,0x61,0x79,0x6f,0x75,0x74,0x28,0x6c,
    0x6f,0x63,0x61,0x74,0x69,0x6f,0x6e,0x20,0x3d,0x20,0x30,0x29,0x20,0x69,0x6e,0x20,
    0x76,0x65,0x63,0x32,0x20,0x65,0x66,0x78,0x5f,0x75,0x76,0x3b,0x0a,0x0a,0x76,0x6f,
    0x69,0x64,0x20,0x6d,0x61,0x69,0x6e,0x28,0x29,0x0a,0x7b,0x0a,0x20,0x20,0x20,0x20,
    0x66,0x72,0x61,0x67,0x5f,0x63,0x6f,0x6c,0x6f,0x72,0x20,0x3d,0x20,0x74,0x65,0x78,
    0x74,0x75,0x72,0x65,0x28,0x70,0x6f,0x73,0x74,0x5f,0x63,0x6f,0x70,0x79,0x5f,0x73,
    0x72,0x63,0x5f,0x70,0x6f,0x73,0x74,0x5f,0x63,0x6f,0x70,0x79,0x5f,0x73,0x6d,0x70,
    0x2c,0x20,0x65,0x66,0x78,0x5f,0x75,0x76,0x29,0x3b,0x0a,0x7d,0x0a,0x0a,0x00,
};
/*
    #version 300 es

    uniform vec4 post_vs_params[1];
    layout(location = 0) in vec2 a_pos;
    out vec2 efx_uv;
    layout(location = 1) in vec2 a_uv;

    void main()
    {
        gl_Position = vec4(a_pos.x, a_pos.y * post_vs_params[0].x, 0.0, 1.0);
        efx_uv = a_uv;
    }

*/
static const uint8_t post_vs_source_glsl300es[249] = {
    0x23,0x76,0x65,0x72,0x73,0x69,0x6f,0x6e,0x20,0x33,0x30,0x30,0x20,0x65,0x73,0x0a,
    0x0a,0x75,0x6e,0x69,0x66,0x6f,0x72,0x6d,0x20,0x76,0x65,0x63,0x34,0x20,0x70,0x6f,
    0x73,0x74,0x5f,0x76,0x73,0x5f,0x70,0x61,0x72,0x61,0x6d,0x73,0x5b,0x31,0x5d,0x3b,
    0x0a,0x6c,0x61,0x79,0x6f,0x75,0x74,0x28,0x6c,0x6f,0x63,0x61,0x74,0x69,0x6f,0x6e,
    0x20,0x3d,0x20,0x30,0x29,0x20,0x69,0x6e,0x20,0x76,0x65,0x63,0x32,0x20,0x61,0x5f,
    0x70,0x6f,0x73,0x3b,0x0a,0x6f,0x75,0x74,0x20,0x76,0x65,0x63,0x32,0x20,0x65,0x66,
    0x78,0x5f,0x75,0x76,0x3b,0x0a,0x6c,0x61,0x79,0x6f,0x75,0x74,0x28,0x6c,0x6f,0x63,
    0x61,0x74,0x69,0x6f,0x6e,0x20,0x3d,0x20,0x31,0x29,0x20,0x69,0x6e,0x20,0x76,0x65,
    0x63,0x32,0x20,0x61,0x5f,0x75,0x76,0x3b,0x0a,0x0a,0x76,0x6f,0x69,0x64,0x20,0x6d,
    0x61,0x69,0x6e,0x28,0x29,0x0a,0x7b,0x0a,0x20,0x20,0x20,0x20,0x67,0x6c,0x5f,0x50,
    0x6f,0x73,0x69,0x74,0x69,0x6f,0x6e,0x20,0x3d,0x20,0x76,0x65,0x63,0x34,0x28,0x61,
    0x5f,0x70,0x6f,0x73,0x2e,0x78,0x2c,0x20,0x61,0x5f,0x70,0x6f,0x73,0x2e,0x79,0x20,
    0x2a,0x20,0x70,0x6f,0x73,0x74,0x5f,0x76,0x73,0x5f,0x70,0x61,0x72,0x61,0x6d,0x73,
    0x5b,0x30,0x5d,0x2e,0x78,0x2c,0x20,0x30,0x2e,0x30,0x2c,0x20,0x31,0x2e,0x30,0x29,
    0x3b,0x0a,0x20,0x20,0x20,0x20,0x65,0x66,0x78,0x5f,0x75,0x76,0x20,0x3d,0x20,0x61,
    0x5f,0x75,0x76,0x3b,0x0a,0x7d,0x0a,0x0a,0x00,
};
/*
    #version 300 es
    precision mediump float;
    precision highp int;

    uniform highp vec4 post_color_params[2];
    uniform highp sampler2D post_color_src_post_color_smp;

    in highp vec2 efx_uv;
    layout(location = 0) out highp vec4 frag_color;

    void main()
    {
        highp vec4 _24 = texture(post_color_src_post_color_smp, efx_uv);
        highp vec3 _29 = _24.xyz;
        highp vec3 _51 = (((_29 * post_color_params[0].x) - vec3(0.5)) * post_color_params[0].y) + vec3(0.5);
        frag_color = vec4(mix(_29, clamp(mix(vec3(dot(_51, vec3(0.2125999927520751953125, 0.715200006961822509765625, 0.072200000286102294921875))), _51, vec3(post_color_params[0].z)) * post_color_params[1].xyz, vec3(0.0), vec3(1.0)), vec3(post_color_params[0].w)), _24.w);
    }

*/
static const uint8_t post_color_fs_source_glsl300es[724] = {
    0x23,0x76,0x65,0x72,0x73,0x69,0x6f,0x6e,0x20,0x33,0x30,0x30,0x20,0x65,0x73,0x0a,
    0x70,0x72,0x65,0x63,0x69,0x73,0x69,0x6f,0x6e,0x20,0x6d,0x65,0x64,0x69,0x75,0x6d,
    0x70,0x20,0x66,0x6c,0x6f,0x61,0x74,0x3b,0x0a,0x70,0x72,0x65,0x63,0x69,0x73,0x69,
    0x6f,0x6e,0x20,0x68,0x69,0x67,0x68,0x70,0x20,0x69,0x6e,0x74,0x3b,0x0a,0x0a,0x75,
    0x6e,0x69,0x66,0x6f,0x72,0x6d,0x20,0x68,0x69,0x67,0x68,0x70,0x20,0x76,0x65,0x63,
    0x34,0x20,0x70,0x6f,0x73,0x74,0x5f,0x63,0x6f,0x6c,0x6f,0x72,0x5f,0x70,0x61,0x72,
    0x61,0x6d,0x73,0x5b,0x32,0x5d,0x3b,0x0a,0x75,0x6e,0x69,0x66,0x6f,0x72,0x6d,0x20,
    0x68,0x69,0x67,0x68,0x70,0x20,0x73,0x61,0x6d,0x70,0x6c,0x65,0x72,0x32,0x44,0x20,
    0x70,0x6f,0x73,0x74,0x5f,0x63,0x6f,0x6c,0x6f,0x72,0x5f,0x73,0x72,0x63,0x5f,0x70,
    0x6f,0x73,0x74,0x5f,0x63,0x6f,0x6c,0x6f,0x72,0x5f,0x73,0x6d,0x70,0x3b,0x0a,0x0a,
    0x69,0x6e,0x20,0x68,0x69,0x67,0x68,0x70,0x20,0x76,0x65,0x63,0x32,0x20,0x65,0x66,
    0x78,0x5f,0x75,0x76,0x3b,0x0a,0x6c,0x61,0x79,0x6f,0x75,0x74,0x28,0x6c,0x6f,0x63,
    0x61,0x74,0x69,0x6f,0x6e,0x20,0x3d,0x20,0x30,0x29,0x20,0x6f,0x75,0x74,0x20,0x68,
    0x69,0x67,0x68,0x70,0x20,0x76,0x65,0x63,0x34,0x20,0x66,0x72,0x61,0x67,0x5f,0x63,
    0x6f,0x6c,0x6f,0x72,0x3b,0x0a,0x0a,0x76,0x6f,0x69,0x64,0x20,0x6d,0x61,0x69,0x6e,
    0x28,0x29,0x0a,0x7b,0x0a,0x20,0x20,0x20,0x20,0x68,0x69,0x67,0x68,0x70,0x20,0x76,
    0x65,0x63,0x34,0x20,0x5f,0x32,0x34,0x20,0x3d,0x20,0x74,0x65,0x78,0x74,0x75,0x72,
    0x65,0x28,0x70,0x6f,0x73,0x74,0x5f,0x63,0x6f,0x6c,0x6f,0x72,0x5f,0x73,0x72,0x63,
    0x5f,0x70,0x6f,0x73,0x74,0x5f,0x63,0x6f,0x6c,0x6f,0x72,0x5f,0x73,0x6d,0x70,0x2c,
    0x20,0x65,0x66,0x78,0x5f,0x75,0x76,0x29,0x3b,0x0a,0x20,0x20,0x20,0x20,0x68,0x69,
    0x67,0x68,0x70,0x20,0x76,0x65,0x63,0x33,0x20,0x5f,0x32,0x39,0x20,0x3d,0x20,0x5f,
    0x32,0x34,0x2e,0x78,0x79,0x7a,0x3b,0x0a,0x20,0x20,0x20,0x20,0x68,0x69,0x67,0x68,
    0x70,0x20,0x76,0x65,0x63,0x33,0x20,0x5f,0x35,0x31,0x20,0x3d,0x20,0x28,0x28,0x28,
    0x5f,0x32,0x39,0x20,0x2a,0x20,0x70,0x6f,0x73,0x74,0x5f,0x63,0x6f,0x6c,0x6f,0x72,
    0x5f,0x70,0x61,0x72,0x61,0x6d,0x73,0x5b,0x30,0x5d,0x2e,0x78,0x29,0x20,0x2d,0x20,
    0x76,0x65,0x63,0x33,0x28,0x30,0x2e,0x35,0x29,0x29,0x20,0x2a,0x20,0x70,0x6f,0x73,
    0x74,0x5f,0x63,0x6f,0x6c,0x6f,0x72,0x5f,0x70,0x61,0x72,0x61,0x6d,0x73,0x5b,0x30,
    0x5d,0x2e,0x79,0x29,0x20,0x2b,0x20,0x76,0x65,0x63,0x33,0x28,0x30,0x2e,0x35,0x29,
    0x3b,0x0a,0x20,0x20,0x20,0x20,0x66,0x72,0x61,0x67,0x5f,0x63,0x6f,0x6c,0x6f,0x72,
    0x20,0x3d,0x20,0x76,0x65,0x63,0x34,0x28,0x6d,0x69,0x78,0x28,0x5f,0x32,0x39,0x2c,
    0x20,0x63,0x6c,0x61,0x6d,0x70,0x28,0x6d,0x69,0x78,0x28,0x76,0x65,0x63,0x33,0x28,
    0x64,0x6f,0x74,0x28,0x5f,0x35,0x31,0x2c,0x20,0x76,0x65,0x63,0x33,0x28,0x30,0x2e,
    0x32,0x31,0x32,0x35,0x39,0x39,0x39,0x39,0x32,0x37,0x35,0x32,0x30,0x37,0x35,0x31,
    0x39,0x35,0x33,0x31,0x32,0x35,0x2c,0x20,0x30,0x2e,0x37,0x31,0x35,0x32,0x30,0x30,
    0x30,0x30,0x36,0x39,0x36,0x31,0x38,0x32,0x32,0x35,0x30,0x39,0x37,0x36,0x35,0x36,
    0x32,0x35,0x2c,0x20,0x30,0x2e,0x30,0x37,0x32,0x32,0x30,0x30,0x30,0x30,0x30,0x32,
    0x38,0x36,0x31,0x30,0x32,0x32,0x39,0x34,0x39,0x32,0x31,0x38,0x37,0x35,0x29,0x29,
    0x29,0x2c,0x20,0x5f,0x35,0x31,0x2c,0x20,0x76,0x65,0x63,0x33,0x28,0x70,0x6f,0x73,
    0x74,0x5f,0x63,0x6f,0x6c,0x6f,0x72,0x5f,0x70,0x61,0x72,0x61,0x6d,0x73,0x5b,0x30,
    0x5d,0x2e,0x7a,0x29,0x29,0x20,0x2a,0x20,0x70,0x6f,0x73,0x74,0x5f,0x63,0x6f,0x6c,
    0x6f,0x72,0x5f,0x70,0x61,0x72,0x61,0x6d,0x73,0x5b,0x31,0x5d,0x2e,0x78,0x79,0x7a,
    0x2c,0x20,0x76,0x65,0x63,0x33,0x28,0x30,0x2e,0x30,0x29,0x2c,0x20,0x76,0x65,0x63,
    0x33,0x28,0x31,0x2e,0x30,0x29,0x29,0x2c,0x20,0x76,0x65,0x63,0x33,0x28,0x70,0x6f,
    0x73,0x74,0x5f,0x63,0x6f,0x6c,0x6f,0x72,0x5f,0x70,0x61,0x72,0x61,0x6d,0x73,0x5b,
    0x30,0x5d,0x2e,0x77,0x29,0x29,0x2c,0x20,0x5f,0x32,0x34,0x2e,0x77,0x29,0x3b,0x0a,
    0x7d,0x0a,0x0a,0x00,
};
/*
    #version 300 es
    precision mediump float;
    precision highp int;

    uniform highp vec4 post_blur_params[1];
    uniform highp sampler2D post_blur_src_post_blur_smp;

    in highp vec2 efx_uv;
    layout(location = 0) out highp vec4 frag_color;

    void main()
    {
        highp vec4 acc = texture(post_blur_src_post_blur_smp, efx_uv);
        highp float wsum = 1.0;
        for (int i = 1; i <= 4; i++)
        {
            highp float _43 = float(i);
            highp float _53 = exp((_43 * (-0.25)) * (_43 * 0.5));
            highp vec2 _67 = post_blur_params[0].xy * _43;
            acc = (acc + (texture(post_blur_src_post_blur_smp, efx_uv + _67) * _53)) + (texture(post_blur_src_post_blur_smp, efx_uv - _67) * _53);
            wsum += (2.0 * _53);
        }
        frag_color = acc / vec4(wsum);
    }

*/
static const uint8_t post_blur_fs_source_glsl300es[746] = {
    0x23,0x76,0x65,0x72,0x73,0x69,0x6f,0x6e,0x20,0x33,0x30,0x30,0x20,0x65,0x73,0x0a,
    0x70,0x72,0x65,0x63,0x69,0x73,0x69,0x6f,0x6e,0x20,0x6d,0x65,0x64,0x69,0x75,0x6d,
    0x70,0x20,0x66,0x6c,0x6f,0x61,0x74,0x3b,0x0a,0x70,0x72,0x65,0x63,0x69,0x73,0x69,
    0x6f,0x6e,0x20,0x68,0x69,0x67,0x68,0x70,0x20,0x69,0x6e,0x74,0x3b,0x0a,0x0a,0x75,
    0x6e,0x69,0x66,0x6f,0x72,0x6d,0x20,0x68,0x69,0x67,0x68,0x70,0x20,0x76,0x65,0x63,
    0x34,0x20,0x70,0x6f,0x73,0x74,0x5f,0x62,0x6c,0x75,0x72,0x5f,0x70,0x61,0x72,0x61,
    0x6d,0x73,0x5b,0x31,0x5d,0x3b,0x0a,0x75,0x6e,0x69,0x66,0x6f,0x72,0x6d,0x20,0x68,
    0x69,0x67,0x68,0x70,0x20,0x73,0x61,0x6d,0x70,0x6c,0x65,0x72,0x32,0x44,0x20,0x70,
    0x6f,0x73,0x74,0x5f,0x62,0x6c,0x75,0x72,0x5f,0x73,0x72,0x63,0x5f,0x70,0x6f,0x73,
    0x74,0x5f,0x62,0x6c,0x75,0x72,0x5f,0x73,0x6d,0x70,0x3b,0x0a,0x0a,0x69,0x6e,0x20,
    0x68,0x69,0x67,0x68,0x70,0x20,0x76,0x65,0x63,0x32,0x20,0x65,0x66,0x78,0x5f,0x75,
    0x76,0x3b,0x0a,0x6c,0x61,0x79,0x6f,0x75,0x74,0x28,0x6c,0x6f,0x63,0x61,0x74,0x69,
    0x6f,0x6e,0x20,0x3d,0x20,0x30,0x29,0x20,0x6f,0x75,0x74,0x20,0x68,0x69,0x67,0x68,
    0x70,0x20,0x76,0x65,0x63,0x34,0x20,0x66,0x72,0x61,0x67,0x5f,0x63,0x6f,0x6c,0x6f,
    0x72,0x3b,0x0a,0x0a,0x76,0x6f,0x69,0x64,0x20,0x6d,0x61,0x69,0x6e,0x28,0x29,0x0a,
    0x7b,0x0a,0x20,0x20,0x20,0x20,0x68,0x69,0x67,0x68,0x70,0x20,0x76,0x65,0x63,0x34,
    0x20,0x61,0x63,0x63,0x20,0x3d,0x20,0x74,0x65,0x78,0x74,0x75,0x72,0x65,0x28,0x70,
    0x6f,0x73,0x74,0x5f,0x62,0x6c,0x75,0x72,0x5f,0x73,0x72,0x63,0x5f,0x70,0x6f,0x73,
    0x74,0x5f,0x62,0x6c,0x75,0x72,0x5f,0x73,0x6d,0x70,0x2c,0x20,0x65,0x66,0x78,0x5f,
    0x75,0x76,0x29,0x3b,0x0a,0x20,0x20,0x20,0x20,0x68,0x69,0x67,0x68,0x70,0x20,0x66,
    0x6c,0x6f,0x61,0x74,0x20,0x77,0x73,0x75,0x6d,0x20,0x3d,0x20,0x31,0x2e,0x30,0x3b,
    0x0a,0x20,0x20,0x20,0x20,0x66,0x6f,0x72,0x20,0x28,0x69,0x6e,0x74,0x20,0x69,0x20,
    0x3d,0x20,0x31,0x3b,0x20,0x69,0x20,0x3c,0x3d,0x20,0x34,0x3b,0x20,0x69,0x2b,0x2b,
    0x29,0x0a,0x20,0x20,0x20,0x20,0x7b,0x0a,0x20,0x20,0x20,0x20,0x20,0x20,0x20,0x20,
    0x68,0x69,0x67,0x68,0x70,0x20,0x66,0x6c,0x6f,0x61,0x74,0x20,0x5f,0x34,0x33,0x20,
    0x3d,0x20,0x66,0x6c,0x6f,0x61,0x74,0x28,0x69,0x29,0x3b,0x0a,0x20,0x20,0x20,0x20,
    0x20,0x20,0x20,0x20,0x68,0x69,0x67,0x68,0x70,0x20,0x66,0x6c,0x6f,0x61,0x74,0x20,
    0x5f,0x35,0x33,0x20,0x3d,0x20,0x65,0x78,0x70,0x28,0x28,0x5f,0x34,0x33,0x20,0x2a,
    0x20,0x28,0x2d,0x30,0x2e,0x32,0x35,0x29,0x29,0x20,0x2a,0x20,0x28,0x5f,0x34,0x33,
    0x20,0x2a,0x20,0x30,0x2e,0x35,0x29,0x29,0x3b,0x0a,0x20,0x20,0x20,0x20,0x20,0x20,
    0x20,0x20,0x68,0x69,0x67,0x68,0x70,0x20,0x76,0x65,0x63,0x32,0x20,0x5f,0x36,0x37,
    0x20,0x3d,0x20,0x70,0x6f,0x73,0x74,0x5f,0x62,0x6c,0x75,0x72,0x5f,0x70,0x61,0x72,
    0x61,0x6d,0x73,0x5b,0x30,0x5d,0x2e,0x78,0x79,0x20,0x2a,0x20,0x5f,0x34,0x33,0x3b,
    0x0a,0x20,0x20,0x20,0x20,0x20,0x20,0x20,0x20,0x61,0x63,0x63,0x20,0x3d,0x20,0x28,
    0x61,0x63,0x63,0x20,0x2b,0x20,0x28,0x74,0x65,0x78,0x74,0x75,0x72,0x65,0x28,0x70,
    0x6f,0x73,0x74,0x5f,0x62,0x6c,0x75,0x72,0x5f,0x73,0x72,0x63,0x5f,0x70,0x6f,0x73,
    0x74,0x5f,0x62,0x6c,0x75,0x72,0x5f,0x73,0x6d,0x70,0x2c,0x20,0x65,0x66,0x78,0x5f,
    0x75,0x76,0x20,0x2b,0x20,0x5f,0x36,0x37,0x29,0x20,0x2a,0x20,0x5f,0x35,0x33,0x29,
    0x29,0x20,0x2b,0x20,0x28,0x74,0x65,0x78,0x74,0x75,0x72,0x65,0x28,0x70,0x6f,0x73,
    0x74,0x5f,0x62,0x6c,0x75,0x72,0x5f,0x73,0x72,0x63,0x5f,0x70,0x6f,0x73,0x74,0x5f,
    0x62,0x6c,0x75,0x72,0x5f,0x73,0x6d,0x70,0x2c,0x20,0x65,0x66,0x78,0x5f,0x75,0x76,
    0x20,0x2d,0x20,0x5f,0x36,0x37,0x29,0x20,0x2a,0x20,0x5f,0x35,0x33,0x29,0x3b,0x0a,
    0x20,0x20,0x20,0x20,0x20,0x20,0x20,0x20,0x77,0x73,0x75,0x6d,0x20,0x2b,0x3d,0x20,
    0x28,0x32,0x2e,0x30,0x20,0x2a,0x20,0x5f,0x35,0x33,0x29,0x3b,0x0a,0x20,0x20,0x20,
    0x20,0x7d,0x0a,0x20,0x20,0x20,0x20,0x66,0x72,0x61,0x67,0x5f,0x63,0x6f,0x6c,0x6f,
    0x72,0x20,0x3d,0x20,0x61,0x63,0x63,0x20,0x2f,0x20,0x76,0x65,0x63,0x34,0x28,0x77,
    0x73,0x75,0x6d,0x29,0x3b,0x0a,0x7d,0x0a,0x0a,0x00,
};
/*
    #version 300 es
    precision mediump float;
    precision highp int;

    uniform highp vec4 post_bright_params[1];
    uniform highp sampler2D post_bright_src_post_bright_smp;

    in highp vec2 efx_uv;
    layout(location = 0) out highp vec4 frag_color;

    void main()
    {
        highp vec4 _24 = texture(post_bright_src_post_bright_smp, efx_uv);
        highp vec3 _29 = _24.xyz;
        highp float _34 = dot(_29, vec3(0.2125999927520751953125, 0.715200006961822509765625, 0.072200000286102294921875));
        highp float _51 = (_34 > post_bright_params[0].x) ? _34 : 0.0;
        highp float _55;
        if (_51 > 0.0)
        {
            _55 = (_51 - post_bright_params[0].x) / _51;
        }
        else
        {
            _55 = 0.0;
        }
        frag_color = vec4(_29 * _55, _24.w);
    }

*/
static const uint8_t post_bright_fs_source_glsl300es[726] = {
    0x23,0x76,0x65,0x72,0x73,0x69,0x6f,0x6e,0x20,0x33,0x30,0x30,0x20,0x65,0x73,0x0a,
    0x70,0x72,0x65,0x63,0x69,0x73,0x69,0x6f,0x6e,0x20,0x6d,0x65,0x64,0x69,0x75,0x6d,
    0x70,0x20,0x66,0x6c,0x6f,0x61,0x74,0x3b,0x0a,0x70,0x72,0x65,0x63,0x69,0x73,0x69,
    0x6f,0x6e,0x20,0x68,0x69,0x67,0x68,0x70,0x20,0x69,0x6e,0x74,0x3b,0x0a,0x0a,0x75,
    0x6e,0x69,0x66,0x6f,0x72,0x6d,0x20,0x68,0x69,0x67,0x68,0x70,0x20,0x76,0x65,0x63,
    0x34,0x20,0x70,0x6f,0x73,0x74,0x5f,0x62,0x72,0x69,0x67,0x68,0x74,0x5f,0x70,0x61,
    0x72,0x61,0x6d,0x73,0x5b,0x31,0x5d,0x3b,0x0a,0x75,0x6e,0x69,0x66,0x6f,0x72,0x6d,
    0x20,0x68,0x69,0x67,0x68,0x70,0x20,0x73,0x61,0x6d,0x70,0x6c,0x65,0x72,0x32,0x44,
    0x20,0x70,0x6f,0x73,0x74,0x5f,0x62,0x72,0x69,0x67,0x68,0x74,0x5f,0x73,0x72,0x63,
    0x5f,0x70,0x6f,0x73,0x74,0x5f,0x62,0x72,0x69,0x67,0x68,0x74,0x5f,0x73,0x6d,0x70,
    0x3b,0x0a,0x0a,0x69,0x6e,0x20,0x68,0x69,0x67,0x68,0x70,0x20,0x76,0x65,0x63,0x32,
    0x20,0x65,0x66,0x78,0x5f,0x75,0x76,0x3b,0x0a,0x6c,0x61,0x79,0x6f,0x75,0x74,0x28,
    0x6c,0x6f,0x63,0x61,0x74,0x69,0x6f,0x6e,0x20,0x3d,0x20,0x30,0x29,0x20,0x6f,0x75,
    0x74,0x20,0x68,0x69,0x67,0x68,0x70,0x20,0x76,0x65,0x63,0x34,0x20,0x66,0x72,0x61,
    0x67,0x5f,0x63,0x6f,0x6c,0x6f,0x72,0x3b,0x0a,0x0a,0x76,0x6f,0x69,0x64,0x20,0x6d,
    0x61,0x69,0x6e,0x28,0x29,0x0a,0x7b,0x0a,0x20,0x20,0x20,0x20,0x68,0x69,0x67,0x68,
    0x70,0x20,0x76,0x65,0x63,0x34,0x20,0x5f,0x32,0x34,0x20,0x3d,0x20,0x74,0x65,0x78,
    0x74,0x75,0x72,0x65,0x28,0x70,0x6f,0x73,0x74,0x5f,0x62,0x72,0x69,0x67,0x68,0x74,
    0x5f,0x73,0x72,0x63,0x5f,0x70,0x6f,0x73,0x74,0x5f,0x62,0x72,0x69,0x67,0x68,0x74,
    0x5f,0x73,0x6d,0x70,0x2c,0x20,0x65,0x66,0x78,0x5f,0x75,0x76,0x29,0x3b,0x0a,0x20,
    0x20,0x20,0x20,0x68,0x69,0x67,0x68,0x70,0x20,0x76,0x65,0x63,0x33,0x20,0x5f,0x32,
    0x39,0x20,0x3d,0x20,0x5f,0x32,0x34,0x2e,0x78,0x79,0x7a,0x3b,0x0a,0x20,0x20,0x20,
    0x20,0x68,0x69,0x67,0x68,0x70,0x20,0x66,0x6c,0x6f,0x61,0x74,0x20,0x5f,0x33,0x34,
    0x20,0x3d,0x20,0x64,0x6f,0x74,0x28,0x5f,0x32,0x39,0x2c,0x20,0x76,0x65,0x63,0x33,
    0x28,0x30,0x2e,0x32,0x31,0x32,0x35,0x39,0x39,0x39,0x39,0x32,0x37,0x35,0x32,0x30,
    0x37,0x35,0x31,0x39,0x35,0x33,0x31,0x32,0x35,0x2c,0x20,0x30,0x2e,0x37,0x31,0x35,
    0x32,0x30,0x30,0x30,0x30,0x36,0x39,0x36,0x31,0x38,0x32,0x32,0x35,0x30,0x39,0x37,
    0x36,0x35,0x36,0x32,0x35,0x2c,0x20,0x30,0x2e,0x30,0x37,0x32,0x32,0x30,0x30,0x30,
    0x30,0x30,0x32,0x38,0x36,0x31,0x30,0x32,0x32,0x39,0x34,0x39,0x32,0x31,0x38,0x37,
    0x35,0x29,0x29,0x3b,0x0a,0x20,0x20,0x20,0x20,0x68,0x69,0x67,0x68,0x70,0x20,0x66,
    0x6c,0x6f,0x61,0x74,0x20,0x5f,0x35,0x31,0x20,0x3d,0x20,0x28,0x5f,0x33,0x34,0x20,
    0x3e,0x20,0x70,0x6f,0x73,0x74,0x5f,0x62,0x72,0x69,0x67,0x68,0x74,0x5f,0x70,0x61,
    0x72,0x61,0x6d,0x73,0x5b,0x30,0x5d,0x2e,0x78,0x29,0x20,0x3f,0x20,0x5f,0x33,0x34,
    0x20,0x3a,0x20,0x30,0x2e,0x30,0x3b,0x0a,0x20,0x20,0x20,0x20,0x68,0x69,0x67,0x68,
    0x70,0x20,0x66,0x6c,0x6f,0x61,0x74,0x20,0x5f,0x35,0x35,0x3b,0x0a,0x20,0x20,0x20,
    0x20,0x69,0x66,0x20,0x28,0x5f,0x35,0x31,0x20,0x3e,0x20,0x30,0x2e,0x30,0x29,0x0a,
    0x20,0x20,0x20,0x20,0x7b,0x0a,0x20,0x20,0x20,0x20,0x20,0x20,0x20,0x20,0x5f,0x35,
    0x35,0x20,0x3d,0x20,0x28,0x5f,0x35,0x31,0x20,0x2d,0x20,0x70,0x6f,0x73,0x74,0x5f,
    0x62,0x72,0x69,0x67,0x68,0x74,0x5f,0x70,0x61,0x72,0x61,0x6d,0x73,0x5b,0x30,0x5d,
    0x2e,0x78,0x29,0x20,0x2f,0x20,0x5f,0x35,0x31,0x3b,0x0a,0x20,0x20,0x20,0x20,0x7d,
    0x0a,0x20,0x20,0x20,0x20,0x65,0x6c,0x73,0x65,0x0a,0x20,0x20,0x20,0x20,0x7b,0x0a,
    0x20,0x20,0x20,0x20,0x20,0x20,0x20,0x20,0x5f,0x35,0x35,0x20,0x3d,0x20,0x30,0x2e,
    0x30,0x3b,0x0a,0x20,0x20,0x20,0x20,0x7d,0x0a,0x20,0x20,0x20,0x20,0x66,0x72,0x61,
    0x67,0x5f,0x63,0x6f,0x6c,0x6f,0x72,0x20,0x3d,0x20,0x76,0x65,0x63,0x34,0x28,0x5f,
    0x32,0x39,0x20,0x2a,0x20,0x5f,0x35,0x35,0x2c,0x20,0x5f,0x32,0x34,0x2e,0x77,0x29,
    0x3b,0x0a,0x7d,0x0a,0x0a,0x00,
};
/*
    #version 300 es
    precision mediump float;
    precision highp int;

    uniform highp vec4 post_mix_params[1];
    uniform highp sampler2D post_mix_a_post_mix_a_smp;
    uniform highp sampler2D post_mix_b_post_mix_b_smp;

    in highp vec2 efx_uv;
    layout(location = 0) out highp vec4 frag_color;

    void main()
    {
        frag_color = mix(texture(post_mix_a_post_mix_a_smp, efx_uv), texture(post_mix_b_post_mix_b_smp, efx_uv), vec4(post_mix_params[0].x));
    }

*/
static const uint8_t post_mix_fs_source_glsl300es[432] = {
    0x23,0x76,0x65,0x72,0x73,0x69,0x6f,0x6e,0x20,0x33,0x30,0x30,0x20,0x65,0x73,0x0a,
    0x70,0x72,0x65,0x63,0x69,0x73,0x69,0x6f,0x6e,0x20,0x6d,0x65,0x64,0x69,0x75,0x6d,
    0x70,0x20,0x66,0x6c,0x6f,0x61,0x74,0x3b,0x0a,0x70,0x72,0x65,0x63,0x69,0x73,0x69,
    0x6f,0x6e,0x20,0x68,0x69,0x67,0x68,0x70,0x20,0x69,0x6e,0x74,0x3b,0x0a,0x0a,0x75,
    0x6e,0x69,0x66,0x6f,0x72,0x6d,0x20,0x68,0x69,0x67,0x68,0x70,0x20,0x76,0x65,0x63,
    0x34,0x20,0x70,0x6f,0x73,0x74,0x5f,0x6d,0x69,0x78,0x5f,0x70,0x61,0x72,0x61,0x6d,
    0x73,0x5b,0x31,0x5d,0x3b,0x0a,0x75,0x6e,0x69,0x66,0x6f,0x72,0x6d,0x20,0x68,0x69,
    0x67,0x68,0x70,0x20,0x73,0x61,0x6d,0x70,0x6c,0x65,0x72,0x32,0x44,0x20,0x70,0x6f,
    0x73,0x74,0x5f,0x6d,0x69,0x78,0x5f,0x61,0x5f,0x70,0x6f,0x73,0x74,0x5f,0x6d,0x69,
    0x78,0x5f,0x61,0x5f,0x73,0x6d,0x70,0x3b,0x0a,0x75,0x6e,0x69,0x66,0x6f,0x72,0x6d,
    0x20,0x68,0x69,0x67,0x68,0x70,0x20,0x73,0x61,0x6d,0x70,0x6c,0x65,0x72,0x32,0x44,
    0x20,0x70,0x6f,0x73,0x74,0x5f,0x6d,0x69,0x78,0x5f,0x62,0x5f,0x70,0x6f,0x73,0x74,
    0x5f,0x6d,0x69,0x78,0x5f,0x62,0x5f,0x73,0x6d,0x70,0x3b,0x0a,0x0a,0x69,0x6e,0x20,
    0x68,0x69,0x67,0x68,0x70,0x20,0x76,0x65,0x63,0x32,0x20,0x65,0x66,0x78,0x5f,0x75,
    0x76,0x3b,0x0a,0x6c,0x61,0x79,0x6f,0x75,0x74,0x28,0x6c,0x6f,0x63,0x61,0x74,0x69,
    0x6f,0x6e,0x20,0x3d,0x20,0x30,0x29,0x20,0x6f,0x75,0x74,0x20,0x68,0x69,0x67,0x68,
    0x70,0x20,0x76,0x65,0x63,0x34,0x20,0x66,0x72,0x61,0x67,0x5f,0x63,0x6f,0x6c,0x6f,
    0x72,0x3b,0x0a,0x0a,0x76,0x6f,0x69,0x64,0x20,0x6d,0x61,0x69,0x6e,0x28,0x29,0x0a,
    0x7b,0x0a,0x20,0x20,0x20,0x20,0x66,0x72,0x61,0x67,0x5f,0x63,0x6f,0x6c,0x6f,0x72,
    0x20,0x3d,0x20,0x6d,0x69,0x78,0x28,0x74,0x65,0x78,0x74,0x75,0x72,0x65,0x28,0x70,
    0x6f,0x73,0x74,0x5f,0x6d,0x69,0x78,0x5f,0x61,0x5f,0x70,0x6f,0x73,0x74,0x5f,0x6d,
    0x69,0x78,0x5f,0x61,0x5f,0x73,0x6d,0x70,0x2c,0x20,0x65,0x66,0x78,0x5f,0x75,0x76,
    0x29,0x2c,0x20,0x74,0x65,0x78,0x74,0x75,0x72,0x65,0x28,0x70,0x6f,0x73,0x74,0x5f,
    0x6d,0x69,0x78,0x5f,0x62,0x5f,0x70,0x6f,0x73,0x74,0x5f,0x6d,0x69,0x78,0x5f,0x62,
    0x5f,0x73,0x6d,0x70,0x2c,0x20,0x65,0x66,0x78,0x5f,0x75,0x76,0x29,0x2c,0x20,0x76,
    0x65,0x63,0x34,0x28,0x70,0x6f,0x73,0x74,0x5f,0x6d,0x69,0x78,0x5f,0x70,0x61,0x72,
    0x61,0x6d,0x73,0x5b,0x30,0x5d,0x2e,0x78,0x29,0x29,0x3b,0x0a,0x7d,0x0a,0x0a,0x00,

};
/*
    #version 300 es
    precision mediump float;
    precision highp int;

    uniform highp vec4 post_composite_params[1];
    uniform highp sampler2D post_comp_base_post_comp_base_smp;
    uniform highp sampler2D post_comp_add_post_comp_add_smp;

    in highp vec2 efx_uv;
    layout(location = 0) out highp vec4 frag_color;

    void main()
    {
        highp vec4 _24 = texture(post_comp_base_post_comp_base_smp, efx_uv);
        highp vec3 _37 = _24.xyz;
        frag_color = vec4(mix(_37, clamp(_37 + (texture(post_comp_add_post_comp_add_smp, efx_uv).xyz * post_composite_params[0].x), vec3(0.0), vec3(1.0)), vec3(post_composite_params[0].y)), _24.w);
    }

*/
static const uint8_t post_composite_fs_source_glsl300es[611] = {
    0x23,0x76,0x65,0x72,0x73,0x69,0x6f,0x6e,0x20,0x33,0x30,0x30,0x20,0x65,0x73,0x0a,
    0x70,0x72,0x65,0x63,0x69,0x73,0x69,0x6f,0x6e,0x20,0x6d,0x65,0x64,0x69,0x75,0x6d,
    0x70,0x20,0x66,0x6c,0x6f,0x61,0x74,0x3b,0x0a,0x70,0x72,0x65,0x63,0x69,0x73,0x69,
    0x6f,0x6e,0x20,0x68,0x69,0x67,0x68,0x70,0x20,0x69,0x6e,0x74,0x3b,0x0a,0x0a,0x75,
    0x6e,0x69,0x66,0x6f,0x72,0x6d,0x20,0x68,0x69,0x67,0x68,0x70,0x20,0x76,0x65,0x63,
    0x34,0x20,0x70,0x6f,0x73,0x74,0x5f,0x63,0x6f,0x6d,0x70,0x6f,0x73,0x69,0x74,0x65,
    0x5f,0x70,0x61,0x72,0x61,0x6d,0x73,0x5b,0x31,0x5d,0x3b,0x0a,0x75,0x6e,0x69,0x66,
    0x6f,0x72,0x6d,0x20,0x68,0x69,0x67,0x68,0x70,0x20,0x73,0x61,0x6d,0x70,0x6c,0x65,
    0x72,0x32,0x44,0x20,0x70,0x6f,0x73,0x74,0x5f,0x63,0x6f,0x6d,0x70,0x5f,0x62,0x61,
    0x73,0x65,0x5f,0x70,0x6f,0x73,0x74,0x5f,0x63,0x6f,0x6d,0x70,0x5f,0x62,0x61,0x73,
    0x65,0x5f,0x73,0x6d,0x70,0x3b,0x0a,0x75,0x6e,0x69,0x66,0x6f,0x72,0x6d,0x20,0x68,
    0x69,0x67,0x68,0x70,0x20,0x73,0x61,0x6d,0x70,0x6c,0x65,0x72,0x32,0x44,0x20,0x70,
    0x6f,0x73,0x74,0x5f,0x63,0x6f,0x6d,0x70,0x5f,0x61,0x64,0x64,0x5f,0x70,0x6f,0x73,
    0x74,0x5f,0x63,0x6f,0x6d,0x70,0x5f,0x61,0x64,0x64,0x5f,0x73,0x6d,0x70,0x3b,0x0a,
    0x0a,0x69,0x6e,0x20,0x68,0x69,0x67,0x68,0x70,0x20,0x76,0x65,0x63,0x32,0x20,0x65,
    0x66,0x78,0x5f,0x75,0x76,0x3b,0x0a,0x6c,0x61,0x79,0x6f,0x75,0x74,0x28,0x6c,0x6f,
    0x63,0x61,0x74,0x69,0x6f,0x6e,0x20,0x3d,0x20,0x30,0x29,0x20,0x6f,0x75,0x74,0x20,
    0x68,0x69,0x67,0x68,0x70,0x20,0x76,0x65,0x63,0x34,0x20,0x66,0x72,0x61,0x67,0x5f,
    0x63,0x6f,0x6c,0x6f,0x72,0x3b,0x0a,0x0a,0x76,0x6f,0x69,0x64,0x20,0x6d,0x61,0x69,
    0x6e,0x28,0x29,0x0a,0x7b,0x0a,0x20,0x20,0x20,0x20,0x68,0x69,0x67,0x68,0x70,0x20,
    0x76,0x65,0x63,0x34,0x20,0x5f,0x32,0x34,0x20,0x3d,0x20,0x74,0x65,0x78,0x74,0x75,
    0x72,0x65,0x28,0x70,0x6f,0x73,0x74,0x5f,0x63,0x6f,0x6d,0x70,0x5f,0x62,0x61,0x73,
    0x65,0x5f,0x70,0x6f,0x73,0x74,0x5f,0x63,0x6f,0x6d,0x70,0x5f,0x62,0x61,0x73,0x65,
    0x5f,0x73,0x6d,0x70,0x2c,0x20,0x65,0x66,0x78,0x5f,0x75,0x76,0x29,0x3b,0x0a,0x20,
    0x20,0x20,0x20,0x68,0x69,0x67,0x68,0x70,0x20,0x76,0x65,0x63,0x33,0x20,0x5f,0x33,
    0x37,0x20,0x3d,0x20,0x5f,0x32,0x34,0x2e,0x78,0x79,0x7a,0x3b,0x0a,0x20,0x20,0x20,
    0x20,0x66,0x72,0x61,0x67,0x5f,0x63,0x6f,0x6c,0x6f,0x72,0x20,0x3d,0x20,0x76,0x65,
    0x63,0x34,0x28,0x6d,0x69,0x78,0x28,0x5f,0x33,0x37,0x2c,0x20,0x63,0x6c,0x61,0x6d,
    0x70,0x28,0x5f,0x33,0x37,0x20,0x2b,0x20,0x28,0x74,0x65,0x78,0x74,0x75,0x72,0x65,
    0x28,0x70,0x6f,0x73,0x74,0x5f,0x63,0x6f,0x6d,0x70,0x5f,0x61,0x64,0x64,0x5f,0x70,
    0x6f,0x73,0x74,0x5f,0x63,0x6f,0x6d,0x70,0x5f,0x61,0x64,0x64,0x5f,0x73,0x6d,0x70,
    0x2c,0x20,0x65,0x66,0x78,0x5f,0x75,0x76,0x29,0x2e,0x78,0x79,0x7a,0x20,0x2a,0x20,
    0x70,0x6f,0x73,0x74,0x5f,0x63,0x6f,0x6d,0x70,0x6f,0x73,0x69,0x74,0x65,0x5f,0x70,
    0x61,0x72,0x61,0x6d,0x73,0x5b,0x30,0x5d,0x2e,0x78,0x29,0x2c,0x20,0x76,0x65,0x63,
    0x33,0x28,0x30,0x2e,0x30,0x29,0x2c,0x20,0x76,0x65,0x63,0x33,0x28,0x31,0x2e,0x30,
    0x29,0x29,0x2c,0x20,0x76,0x65,0x63,0x33,0x28,0x70,0x6f,0x73,0x74,0x5f,0x63,0x6f,
    0x6d,0x70,0x6f,0x73,0x69,0x74,0x65,0x5f,0x70,0x61,0x72,0x61,0x6d,0x73,0x5b,0x30,
    0x5d,0x2e,0x79,0x29,0x29,0x2c,0x20,0x5f,0x32,0x34,0x2e,0x77,0x29,0x3b,0x0a,0x7d,
    0x0a,0x0a,0x00,
};
/*
    #version 300 es
    precision mediump float;
    precision highp int;

    uniform highp sampler2D post_copy_src_post_copy_smp;

    layout(location = 0) out highp vec4 frag_color;
    in highp vec2 efx_uv;

    void main()
    {
        frag_color = texture(post_copy_src_post_copy_smp, efx_uv);
    }

*/
static const uint8_t post_copy_fs_source_glsl300es[269] = {
    0x23,0x76,0x65,0x72,0x73,0x69,0x6f,0x6e,0x20,0x33,0x30,0x30,0x20,0x65,0x73,0x0a,
    0x70,0x72,0x65,0x63,0x69,0x73,0x69,0x6f,0x6e,0x20,0x6d,0x65,0x64,0x69,0x75,0x6d,
    0x70,0x20,0x66,0x6c,0x6f,0x61,0x74,0x3b,0x0a,0x70,0x72,0x65,0x63,0x69,0x73,0x69,
    0x6f,0x6e,0x20,0x68,0x69,0x67,0x68,0x70,0x20,0x69,0x6e,0x74,0x3b,0x0a,0x0a,0x75,
    0x6e,0x69,0x66,0x6f,0x72,0x6d,0x20,0x68,0x69,0x67,0x68,0x70,0x20,0x73,0x61,0x6d,
    0x70,0x6c,0x65,0x72,0x32,0x44,0x20,0x70,0x6f,0x73,0x74,0x5f,0x63,0x6f,0x70,0x79,
    0x5f,0x73,0x72,0x63,0x5f,0x70,0x6f,0x73,0x74,0x5f,0x63,0x6f,0x70,0x79,0x5f,0x73,
    0x6d,0x70,0x3b,0x0a,0x0a,0x6c,0x61,0x79,0x6f,0x75,0x74,0x28,0x6c,0x6f,0x63,0x61,
    0x74,0x69,0x6f,0x6e,0x20,0x3d,0x20,0x30,0x29,0x20,0x6f,0x75,0x74,0x20,0x68,0x69,
    0x67,0x68,0x70,0x20,0x76,0x65,0x63,0x34,0x20,0x66,0x72,0x61,0x67,0x5f,0x63,0x6f,
    0x6c,0x6f,0x72,0x3b,0x0a,0x69,0x6e,0x20,0x68,0x69,0x67,0x68,0x70,0x20,0x76,0x65,
    0x63,0x32,0x20,0x65,0x66,0x78,0x5f,0x75,0x76,0x3b,0x0a,0x0a,0x76,0x6f,0x69,0x64,
    0x20,0x6d,0x61,0x69,0x6e,0x28,0x29,0x0a,0x7b,0x0a,0x20,0x20,0x20,0x20,0x66,0x72,
    0x61,0x67,0x5f,0x63,0x6f,0x6c,0x6f,0x72,0x20,0x3d,0x20,0x74,0x65,0x78,0x74,0x75,
    0x72,0x65,0x28,0x70,0x6f,0x73,0x74,0x5f,0x63,0x6f,0x70,0x79,0x5f,0x73,0x72,0x63,
    0x5f,0x70,0x6f,0x73,0x74,0x5f,0x63,0x6f,0x70,0x79,0x5f,0x73,0x6d,0x70,0x2c,0x20,
    0x65,0x66,0x78,0x5f,0x75,0x76,0x29,0x3b,0x0a,0x7d,0x0a,0x0a,0x00,
};
/*
    cbuffer post_vs_params : register(b0)
    {
        float4 _27_post_params : packoffset(c0);
    };


    static float4 gl_Position;
    static float2 a_pos;
    static float2 efx_uv;
    static float2 a_uv;

    struct SPIRV_Cross_Input
    {
        float2 a_pos : TEXCOORD0;
        float2 a_uv : TEXCOORD1;
    };

    struct SPIRV_Cross_Output
    {
        float2 efx_uv : TEXCOORD0;
        float4 gl_Position : SV_Position;
    };

    void vert_main()
    {
        gl_Position = float4(a_pos.x, a_pos.y * _27_post_params.x, 0.0f, 1.0f);
        efx_uv = a_uv;
    }

    SPIRV_Cross_Output main(SPIRV_Cross_Input stage_input)
    {
        a_pos = stage_input.a_pos;
        a_uv = stage_input.a_uv;
        vert_main();
        SPIRV_Cross_Output stage_output;
        stage_output.gl_Position = gl_Position;
        stage_output.efx_uv = efx_uv;
        return stage_output;
    }
*/
static const uint8_t post_vs_source_hlsl4[766] = {
    0x63,0x62,0x75,0x66,0x66,0x65,0x72,0x20,0x70,0x6f,0x73,0x74,0x5f,0x76,0x73,0x5f,
    0x70,0x61,0x72,0x61,0x6d,0x73,0x20,0x3a,0x20,0x72,0x65,0x67,0x69,0x73,0x74,0x65,
    0x72,0x28,0x62,0x30,0x29,0x0a,0x7b,0x0a,0x20,0x20,0x20,0x20,0x66,0x6c,0x6f,0x61,
    0x74,0x34,0x20,0x5f,0x32,0x37,0x5f,0x70,0x6f,0x73,0x74,0x5f,0x70,0x61,0x72,0x61,
    0x6d,0x73,0x20,0x3a,0x20,0x70,0x61,0x63,0x6b,0x6f,0x66,0x66,0x73,0x65,0x74,0x28,
    0x63,0x30,0x29,0x3b,0x0a,0x7d,0x3b,0x0a,0x0a,0x0a,0x73,0x74,0x61,0x74,0x69,0x63,
    0x20,0x66,0x6c,0x6f,0x61,0x74,0x34,0x20,0x67,0x6c,0x5f,0x50,0x6f,0x73,0x69,0x74,
    0x69,0x6f,0x6e,0x3b,0x0a,0x73,0x74,0x61,0x74,0x69,0x63,0x20,0x66,0x6c,0x6f,0x61,
    0x74,0x32,0x20,0x61,0x5f,0x70,0x6f,0x73,0x3b,0x0a,0x73,0x74,0x61,0x74,0x69,0x63,
    0x20,0x66,0x6c,0x6f,0x61,0x74,0x32,0x20,0x65,0x66,0x78,0x5f,0x75,0x76,0x3b,0x0a,
    0x73,0x74,0x61,0x74,0x69,0x63,0x20,0x66,0x6c,0x6f,0x61,0x74,0x32,0x20,0x61,0x5f,
    0x75,0x76,0x3b,0x0a,0x0a,0x73,0x74,0x72,0x75,0x63,0x74,0x20,0x53,0x50,0x49,0x52,
    0x56,0x5f,0x43,0x72,0x6f,0x73,0x73,0x5f,0x49,0x6e,0x70,0x75,0x74,0x0a,0x7b,0x0a,
    0x20,0x20,0x20,0x20,0x66,0x6c,0x6f,0x61,0x74,0x32,0x20,0x61,0x5f,0x70,0x6f,0x73,
    0x20,0x3a,0x20,0x54,0x45,0x58,0x43,0x4f,0x4f,0x52,0x44,0x30,0x3b,0x0a,0x20,0x20,
    0x20,0x20,0x66,0x6c,0x6f,0x61,0x74,0x32,0x20,0x61,0x5f,0x75,0x76,0x20,0x3a,0x20,
    0x54,0x45,0x58,0x43,0x4f,0x4f,0x52,0x44,0x31,0x3b,0x0a,0x7d,0x3b,0x0a,0x0a,0x73,
    0x74,0x72,0x75,0x63,0x74,0x20,0x53,0x50,0x49,0x52,0x56,0x5f,0x43,0x72,0x6f,0x73,
    0x73,0x5f,0x4f,0x75,0x74,0x70,0x75,0x74,0x0a,0x7b,0x0a,0x20,0x20,0x20,0x20,0x66,
    0x6c,0x6f,0x61,0x74,0x32,0x20,0x65,0x66,0x78,0x5f,0x75,0x76,0x20,0x3a,0x20,0x54,
    0x45,0x58,0x43,0x4f,0x4f,0x52,0x44,0x30,0x3b,0x0a,0x20,0x20,0x20,0x20,0x66,0x6c,
    0x6f,0x61,0x74,0x34,0x20,0x67,0x6c,0x5f,0x50,0x6f,0x73,0x69,0x74,0x69,0x6f,0x6e,
    0x20,0x3a,0x20,0x53,0x56,0x5f,0x50,0x6f,0x73,0x69,0x74,0x69,0x6f,0x6e,0x3b,0x0a,
    0x7d,0x3b,0x0a,0x0a,0x76,0x6f,0x69,0x64,0x20,0x76,0x65,0x72,0x74,0x5f,0x6d,0x61,
    0x69,0x6e,0x28,0x29,0x0a,0x7b,0x0a,0x20,0x20,0x20,0x20,0x67,0x6c,0x5f,0x50,0x6f,
    0x73,0x69,0x74,0x69,0x6f,0x6e,0x20,0x3d,0x20,0x66,0x6c,0x6f,0x61,0x74,0x34,0x28,
    0x61,0x5f,0x70,0x6f,0x73,0x2e,0x78,0x2c,0x20,0x61,0x5f,0x70,0x6f,0x73,0x2e,0x79,
    0x20,0x2a,0x20,0x5f,0x32,0x37,0x5f,0x70,0x6f,0x73,0x74,0x5f,0x70,0x61,0x72,0x61,
    0x6d,0x73,0x2e,0x78,0x2c,0x20,0x30,0x2e,0x30,0x66,0x2c,0x20,0x31,0x2e,0x30,0x66,
    0x29,0x3b,0x0a,0x20,0x20,0x20,0x20,0x65,0x66,0x78,0x5f,0x75,0x76,0x20,0x3d,0x20,
    0x61,0x5f,0x75,0x76,0x3b,0x0a,0x7d,0x0a,0x0a,0x53,0x50,0x49,0x52,0x56,0x5f,0x43,
    0x72,0x6f,0x73,0x73,0x5f,0x4f,0x75,0x74,0x70,0x75,0x74,0x20,0x6d,0x61,0x69,0x6e,
    0x28,0x53,0x50,0x49,0x52,0x56,0x5f,0x43,0x72,0x6f,0x73,0x73,0x5f,0x49,0x6e,0x70,
    0x75,0x74,0x20,0x73,0x74,0x61,0x67,0x65,0x5f,0x69,0x6e,0x70,0x75,0x74,0x29,0x0a,
    0x7b,0x0a,0x20,0x20,0x20,0x20,0x61,0x5f,0x70,0x6f,0x73,0x20,0x3d,0x20,0x73,0x74,
    0x61,0x67,0x65,0x5f,0x69,0x6e,0x70,0x75,0x74,0x2e,0x61,0x5f,0x70,0x6f,0x73,0x3b,
    0x0a,0x20,0x20,0x20,0x20,0x61,0x5f,0x75,0x76,0x20,0x3d,0x20,0x73,0x74,0x61,0x67,
    0x65,0x5f,0x69,0x6e,0x70,0x75,0x74,0x2e,0x61,0x5f,0x75,0x76,0x3b,0x0a,0x20,0x20,
    0x20,0x20,0x76,0x65,0x72,0x74,0x5f,0x6d,0x61,0x69,0x6e,0x28,0x29,0x3b,0x0a,0x20,
    0x20,0x20,0x20,0x53,0x50,0x49,0x52,0x56,0x5f,0x43,0x72,0x6f,0x73,0x73,0x5f,0x4f,
    0x75,0x74,0x70,0x75,0x74,0x20,0x73,0x74,0x61,0x67,0x65,0x5f,0x6f,0x75,0x74,0x70,
    0x75,0x74,0x3b,0x0a,0x20,0x20,0x20,0x20,0x73,0x74,0x61,0x67,0x65,0x5f,0x6f,0x75,
    0x74,0x70,0x75,0x74,0x2e,0x67,0x6c,0x5f,0x50,0x6f,0x73,0x69,0x74,0x69,0x6f,0x6e,
    0x20,0x3d,0x20,0x67,0x6c,0x5f,0x50,0x6f,0x73,0x69,0x74,0x69,0x6f,0x6e,0x3b,0x0a,
    0x20,0x20,0x20,0x20,0x73,0x74,0x61,0x67,0x65,0x5f,0x6f,0x75,0x74,0x70,0x75,0x74,
    0x2e,0x65,0x66,0x78,0x5f,0x75,0x76,0x20,0x3d,0x20,0x65,0x66,0x78,0x5f,0x75,0x76,
    0x3b,0x0a,0x20,0x20,0x20,0x20,0x72,0x65,0x74,0x75,0x72,0x6e,0x20,0x73,0x74,0x61,
    0x67,0x65,0x5f,0x6f,0x75,0x74,0x70,0x75,0x74,0x3b,0x0a,0x7d,0x0a,0x00,
};
/*
    cbuffer post_color_params : register(b1)
    {
        float4 _33_color_params : packoffset(c0);
        float4 _33_tint : packoffset(c1);
    };

    Texture2D<float4> post_color_src : register(t0);
    SamplerState post_color_smp : register(s0);

    static float2 efx_uv;
    static float4 frag_color;

    struct SPIRV_Cross_Input
    {
        float2 efx_uv : TEXCOORD0;
    };

    struct SPIRV_Cross_Output
    {
        float4 frag_color : SV_Target0;
    };

    void frag_main()
    {
        float4 _24 = post_color_src.Sample(post_color_smp, efx_uv);
        float3 _29 = _24.xyz;
        float3 _51 = (((_29 * _33_color_params.x) - 0.5f.xxx) * _33_color_params.y) + 0.5f.xxx;
        frag_color = float4(lerp(_29, clamp(lerp(dot(_51, float3(0.2125999927520751953125f, 0.715200006961822509765625f, 0.072200000286102294921875f)).xxx, _51, _33_color_params.z.xxx) * _33_tint.xyz, 0.0f.xxx, 1.0f.xxx), _33_color_params.w.xxx), _24.w);
    }

    SPIRV_Cross_Output main(SPIRV_Cross_Input stage_input)
    {
        efx_uv = stage_input.efx_uv;
        frag_main();
        SPIRV_Cross_Output stage_output;
        stage_output.frag_color = frag_color;
        return stage_output;
    }
*/
static const uint8_t post_color_fs_source_hlsl4[1073] = {
    0x63,0x62,0x75,0x66,0x66,0x65,0x72,0x20,0x70,0x6f,0x73,0x74,0x5f,0x63,0x6f,0x6c,
    0x6f,0x72,0x5f,0x70,0x61,0x72,0x61,0x6d,0x73,0x20,0x3a,0x20,0x72,0x65,0x67,0x69,
    0x73,0x74,0x65,0x72,0x28,0x62,0x31,0x29,0x0a,0x7b,0x0a,0x20,0x20,0x20,0x20,0x66,
    0x6c,0x6f,0x61,0x74,0x34,0x20,0x5f,0x33,0x33,0x5f,0x63,0x6f,0x6c,0x6f,0x72,0x5f,
    0x70,0x61,0x72,0x61,0x6d,0x73,0x20,0x3a,0x20,0x70,0x61,0x63,0x6b,0x6f,0x66,0x66,
    0x73,0x65,0x74,0x28,0x63,0x30,0x29,0x3b,0x0a,0x20,0x20,0x20,0x20,0x66,0x6c,0x6f,
    0x61,0x74,0x34,0x20,0x5f,0x33,0x33,0x5f,0x74,0x69,0x6e,0x74,0x20,0x3a,0x20,0x70,
    0x61,0x63,0x6b,0x6f,0x66,0x66,0x73,0x65,0x74,0x28,0x63,0x31,0x29,0x3b,0x0a,0x7d,
    0x3b,0x0a,0x0a,0x54,0x65,0x78,0x74,0x75,0x72,0x65,0x32,0x44,0x3c,0x66,0x6c,0x6f,
    0x61,0x74,0x34,0x3e,0x20,0x70,0x6f,0x73,0x74,0x5f,0x63,0x6f,0x6c,0x6f,0x72,0x5f,
    0x73,0x72,0x63,0x20,0x3a,0x20,0x72,0x65,0x67,0x69,0x73,0x74,0x65,0x72,0x28,0x74,
    0x30,0x29,0x3b,0x0a,0x53,0x61,0x6d,0x70,0x6c,0x65,0x72,0x53,0x74,0x61,0x74,0x65,
    0x20,0x70,0x6f,0x73,0x74,0x5f,0x63,0x6f,0x6c,0x6f,0x72,0x5f,0x73,0x6d,0x70,0x20,
    0x3a,0x20,0x72,0x65,0x67,0x69,0x73,0x74,0x65,0x72,0x28,0x73,0x30,0x29,0x3b,0x0a,
    0x0a,0x73,0x74,0x61,0x74,0x69,0x63,0x20,0x66,0x6c,0x6f,0x61,0x74,0x32,0x20,0x65,
    0x66,0x78,0x5f,0x75,0x76,0x3b,0x0a,0x73,0x74,0x61,0x74,0x69,0x63,0x20,0x66,0x6c,
    0x6f,0x61,0x74,0x34,0x20,0x66,0x72,0x61,0x67,0x5f,0x63,0x6f,0x6c,0x6f,0x72,0x3b,
    0x0a,0x0a,0x73,0x74,0x72,0x75,0x63,0x74,0x20,0x53,0x50,0x49,0x52,0x56,0x5f,0x43,
    0x72,0x6f,0x73,0x73,0x5f,0x49,0x6e,0x70,0x75,0x74,0x0a,0x7b,0x0a,0x20,0x20,0x20,
    0x20,0x66,0x6c,0x6f,0x61,0x74,0x32,0x20,0x65,0x66,0x78,0x5f,0x75,0x76,0x20,0x3a,
    0x20,0x54,0x45,0x58,0x43,0x4f,0x4f,0x52,0x44,0x30,0x3b,0x0a,0x7d,0x3b,0x0a,0x0a,
    0x73,0x74,0x72,0x75,0x63,0x74,0x20,0x53,0x50,0x49,0x52,0x56,0x5f,0x43,0x72,0x6f,
    0x73,0x73,0x5f,0x4f,0x75,0x74,0x70,0x75,0x74,0x0a,0x7b,0x0a,0x20,0x20,0x20,0x20,
    0x66,0x6c,0x6f,0x61,0x74,0x34,0x20,0x66,0x72,0x61,0x67,0x5f,0x63,0x6f,0x6c,0x6f,
    0x72,0x20,0x3a,0x20,0x53,0x56,0x5f,0x54,0x61,0x72,0x67,0x65,0x74,0x30,0x3b,0x0a,
    0x7d,0x3b,0x0a,0x0a,0x76,0x6f,0x69,0x64,0x20,0x66,0x72,0x61,0x67,0x5f,0x6d,0x61,
    0x69,0x6e,0x28,0x29,0x0a,0x7b,0x0a,0x20,0x20,0x20,0x20,0x66,0x6c,0x6f,0x61,0x74,
    0x34,0x20,0x5f,0x32,0x34,0x20,0x3d,0x20,0x70,0x6f,0x73,0x74,0x5f,0x63,0x6f,0x6c,
    0x6f,0x72,0x5f,0x73,0x72,0x63,0x2e,0x53,0x61,0x6d,0x70,0x6c,0x65,0x28,0x70,0x6f,
    0x73,0x74,0x5f,0x63,0x6f,0x6c,0x6f,0x72,0x5f,0x73,0x6d,0x70,0x2c,0x20,0x65,0x66,
    0x78,0x5f,0x75,0x76,0x29,0x3b,0x0a,0x20,0x20,0x20,0x20,0x66,0x6c,0x6f,0x61,0x74,
    0x33,0x20,0x5f,0x32,0x39,0x20,0x3d,0x20,0x5f,0x32,0x34,0x2e,0x78,0x79,0x7a,0x3b,
    0x0a,0x20,0x20,0x20,0x20,0x66,0x6c,0x6f,0x61,0x74,0x33,0x20,0x5f,0x35,0x31,0x20,
    0x3d,0x20,0x28,0x28,0x28,0x5f,0x32,0x39,0x20,0x2a,0x20,0x5f,0x33,0x33,0x5f,0x63,
    0x6f,0x6c,0x6f,0x72,0x5f,0x70,0x61,0x72,0x61,0x6d,0x73,0x2e,0x78,0x29,0x20,0x2d,
    0x20,0x30,0x2e,0x35,0x66,0x2e,0x78,0x78,0x78,0x29,0x20,0x2a,0x20,0x5f,0x33,0x33,
    0x5f,0x63,0x6f,0x6c,0x6f,0x72,0x5f,0x70,0x61,0x72,0x61,0x6d,0x73,0x2e,0x79,0x29,
    0x20,0x2b,0x20,0x30,0x2e,0x35,0x66,0x2e,0x78,0x78,0x78,0x3b,0x0a,0x20,0x20,0x20,
    0x20,0x66,0x72,0x61,0x67,0x5f,0x63,0x6f,0x6c,0x6f,0x72,0x20,0x3d,0x20,0x66,0x6c,
    0x6f,0x61,0x74,0x34,0x28,0x6c,0x65,0x72,0x70,0x28,0x5f,0x32,0x39,0x2c,0x20,0x63,
    0x6c,0x61,0x6d,0x70,0x28,0x6c,0x65,0x72,0x70,0x28,0x64,0x6f,0x74,0x28,0x5f,0x35,
    0x31,0x2c,0x20,0x66,0x6c,0x6f,0x61,0x74,0x33,0x28,0x30,0x2e,0x32,0x31,0x32,0x35,
    0x39,0x39,0x39,0x39,0x32,0x37,0x35,0x32,0x30,0x37,0x35,0x31,0x39,0x35,0x33,0x31,
    0x32,0x35,0x66,0x2c,0x20,0x30,0x2e,0x37,0x31,0x35,0x32,0x30,0x30,0x30,0x30,0x36,
    0x39,0x36,0x31,0x38,0x32,0x32,0x35,0x30,0x39,0x37,0x36,0x35,0x36,0x32,0x35,0x66,
    0x2c,0x20,0x30,0x2e,0x30,0x37,0x32,0x32,0x30,0x30,0x30,0x30,0x30,0x32,0x38,0x36,
    0x31,0x30,0x32,0x32,0x39,0x34,0x39,0x32,0x31,0x38,0x37,0x35,0x66,0x29,0x29,0x2e,
    0x78,0x78,0x78,0x2c,0x20,0x5f,0x35,0x31,0x2c,0x20,0x5f,0x33,0x33,0x5f,0x63,0x6f,
    0x6c,0x6f,0x72,0x5f,0x70,0x61,0x72,0x61,0x6d,0x73,0x2e,0x7a,0x2e,0x78,0x78,0x78,
    0x29,0x20,0x2a,0x20,0x5f,0x33,0x33,0x5f,0x74,0x69,0x6e,0x74,0x2e,0x78,0x79,0x7a,
    0x2c,0x20,0x30,0x2e,0x30,0x66,0x2e,0x78,0x78,0x78,0x2c,0x20,0x31,0x2e,0x30,0x66,
    0x2e,0x78,0x78,0x78,0x29,0x2c,0x20,0x5f,0x33,0x33,0x5f,0x63,0x6f,0x6c,0x6f,0x72,
    0x5f,0x70,0x61,0x72,0x61,0x6d,0x73,0x2e,0x77,0x2e,0x78,0x78,0x78,0x29,0x2c,0x20,
    0x5f,0x32,0x34,0x2e,0x77,0x29,0x3b,0x0a,0x7d,0x0a,0x0a,0x53,0x50,0x49,0x52,0x56,
    0x5f,0x43,0x72,0x6f,0x73,0x73,0x5f,0x4f,0x75,0x74,0x70,0x75,0x74,0x20,0x6d,0x61,
    0x69,0x6e,0x28,0x53,0x50,0x49,0x52,0x56,0x5f,0x43,0x72,0x6f,0x73,0x73,0x5f,0x49,
    0x6e,0x70,0x75,0x74,0x20,0x73,0x74,0x61,0x67,0x65,0x5f,0x69,0x6e,0x70,0x75,0x74,
    0x29,0x0a,0x7b,0x0a,0x20,0x20,0x20,0x20,0x65,0x66,0x78,0x5f,0x75,0x76,0x20,0x3d,
    0x20,0x73,0x74,0x61,0x67,0x65,0x5f,0x69,0x6e,0x70,0x75,0x74,0x2e,0x65,0x66,0x78,
    0x5f,0x75,0x76,0x3b,0x0a,0x20,0x20,0x20,0x20,0x66,0x72,0x61,0x67,0x5f,0x6d,0x61,
    0x69,0x6e,0x28,0x29,0x3b,0x0a,0x20,0x20,0x20,0x20,0x53,0x50,0x49,0x52,0x56,0x5f,
    0x43,0x72,0x6f,0x73,0x73,0x5f,0x4f,0x75,0x74,0x70,0x75,0x74,0x20,0x73,0x74,0x61,
    0x67,0x65,0x5f,0x6f,0x75,0x74,0x70,0x75,0x74,0x3b,0x0a,0x20,0x20,0x20,0x20,0x73,
    0x74,0x61,0x67,0x65,0x5f,0x6f,0x75,0x74,0x70,0x75,0x74,0x2e,0x66,0x72,0x61,0x67,
    0x5f,0x63,0x6f,0x6c,0x6f,0x72,0x20,0x3d,0x20,0x66,0x72,0x61,0x67,0x5f,0x63,0x6f,
    0x6c,0x6f,0x72,0x3b,0x0a,0x20,0x20,0x20,0x20,0x72,0x65,0x74,0x75,0x72,0x6e,0x20,
    0x73,0x74,0x61,0x67,0x65,0x5f,0x6f,0x75,0x74,0x70,0x75,0x74,0x3b,0x0a,0x7d,0x0a,
    0x00,
};
/*
    cbuffer post_blur_params : register(b1)
    {
        float4 _60_blur_dir : packoffset(c0);
    };

    Texture2D<float4> post_blur_src : register(t0);
    SamplerState post_blur_smp : register(s0);

    static float2 efx_uv;
    static float4 frag_color;

    struct SPIRV_Cross_Input
    {
        float2 efx_uv : TEXCOORD0;
    };

    struct SPIRV_Cross_Output
    {
        float4 frag_color : SV_Target0;
    };

    void frag_main()
    {
        float4 acc = post_blur_src.Sample(post_blur_smp, efx_uv);
        float wsum = 1.0f;
        for (int i = 1; i <= 4; i++)
        {
            float _43 = float(i);
            float _53 = exp((_43 * (-0.25f)) * (_43 * 0.5f));
            float2 _67 = _60_blur_dir.xy * _43;
            acc = (acc + (post_blur_src.Sample(post_blur_smp, efx_uv + _67) * _53)) + (post_blur_src.Sample(post_blur_smp, efx_uv - _67) * _53);
            wsum += (2.0f * _53);
        }
        frag_color = acc / wsum.xxxx;
    }

    SPIRV_Cross_Output main(SPIRV_Cross_Input stage_input)
    {
        efx_uv = stage_input.efx_uv;
        frag_main();
        SPIRV_Cross_Output stage_output;
        stage_output.frag_color = frag_color;
        return stage_output;
    }
*/
static const uint8_t post_blur_fs_source_hlsl4[1062] = {
    0x63,0x62,0x75,0x66,0x66,0x65,0x72,0x20,0x70,0x6f,0x73,0x74,0x5f,0x62,0x6c,0x75,
    0x72,0x5f,0x70,0x61,0x72,0x61,0x6d,0x73,0x20,0x3a,0x20,0x72,0x65,0x67,0x69,0x73,
    0x74,0x65,0x72,0x28,0x62,0x31,0x29,0x0a,0x7b,0x0a,0x20,0x20,0x20,0x20,0x66,0x6c,
    0x6f,0x61,0x74,0x34,0x20,0x5f,0x36,0x30,0x5f,0x62,0x6c,0x75,0x72,0x5f,0x64,0x69,
    0x72,0x20,0x3a,0x20,0x70,0x61,0x63,0x6b,0x6f,0x66,0x66,0x73,0x65,0x74,0x28,0x63,
    0x30,0x29,0x3b,0x0a,0x7d,0x3b,0x0a,0x0a,0x54,0x65,0x78,0x74,0x75,0x72,0x65,0x32,
    0x44,0x3c,0x66,0x6c,0x6f,0x61,0x74,0x34,0x3e,0x20,0x70,0x6f,0x73,0x74,0x5f,0x62,
    0x6c,0x75,0x72,0x5f,0x73,0x72,0x63,0x20,0x3a,0x20,0x72,0x65,0x67,0x69,0x73,0x74,
    0x65,0x72,0x28,0x74,0x30,0x29,0x3b,0x0a,0x53,0x61,0x6d,0x70,0x6c,0x65,0x72,0x53,
    0x74,0x61,0x74,0x65,0x20,0x70,0x6f,0x73,0x74,0x5f,0x62,0x6c,0x75,0x72,0x5f,0x73,
    0x6d,0x70,0x20,0x3a,0x20,0x72,0x65,0x67,0x69,0x73,0x74,0x65,0x72,0x28,0x73,0x30,
    0x29,0x3b,0x0a,0x0a,0x73,0x74,0x61,0x74,0x69,0x63,0x20,0x66,0x6c,0x6f,0x61,0x74,
    0x32,0x20,0x65,0x66,0x78,0x5f,0x75,0x76,0x3b,0x0a,0x73,0x74,0x61,0x74,0x69,0x63,
    0x20,0x66,0x6c,0x6f,0x61,0x74,0x34,0x20,0x66,0x72,0x61,0x67,0x5f,0x63,0x6f,0x6c,
    0x6f,0x72,0x3b,0x0a,0x0a,0x73,0x74,0x72,0x75,0x63,0x74,0x20,0x53,0x50,0x49,0x52,
    0x56,0x5f,0x43,0x72,0x6f,0x73,0x73,0x5f,0x49,0x6e,0x70,0x75,0x74,0x0a,0x7b,0x0a,
    0x20,0x20,0x20,0x20,0x66,0x6c,0x6f,0x61,0x74,0x32,0x20,0x65,0x66,0x78,0x5f,0x75,
    0x76,0x20,0x3a,0x20,0x54,0x45,0x58,0x43,0x4f,0x4f,0x52,0x44,0x30,0x3b,0x0a,0x7d,
    0x3b,0x0a,0x0a,0x73,0x74,0x72,0x75,0x63,0x74,0x20,0x53,0x50,0x49,0x52,0x56,0x5f,
    0x43,0x72,0x6f,0x73,0x73,0x5f,0x4f,0x75,0x74,0x70,0x75,0x74,0x0a,0x7b,0x0a,0x20,
    0x20,0x20,0x20,0x66,0x6c,0x6f,0x61,0x74,0x34,0x20,0x66,0x72,0x61,0x67,0x5f,0x63,
    0x6f,0x6c,0x6f,0x72,0x20,0x3a,0x20,0x53,0x56,0x5f,0x54,0x61,0x72,0x67,0x65,0x74,
    0x30,0x3b,0x0a,0x7d,0x3b,0x0a,0x0a,0x76,0x6f,0x69,0x64,0x20,0x66,0x72,0x61,0x67,
    0x5f,0x6d,0x61,0x69,0x6e,0x28,0x29,0x0a,0x7b,0x0a,0x20,0x20,0x20,0x20,0x66,0x6c,
    0x6f,0x61,0x74,0x34,0x20,0x61,0x63,0x63,0x20,0x3d,0x20,0x70,0x6f,0x73,0x74,0x5f,
    0x62,0x6c,0x75,0x72,0x5f,0x73,0x72,0x63,0x2e,0x53,0x61,0x6d,0x70,0x6c,0x65,0x28,
    0x70,0x6f,0x73,0x74,0x5f,0x62,0x6c,0x75,0x72,0x5f,0x73,0x6d,0x70,0x2c,0x20,0x65,
    0x66,0x78,0x5f,0x75,0x76,0x29,0x3b,0x0a,0x20,0x20,0x20,0x20,0x66,0x6c,0x6f,0x61,
    0x74,0x20,0x77,0x73,0x75,0x6d,0x20,0x3d,0x20,0x31,0x2e,0x30,0x66,0x3b,0x0a,0x20,
    0x20,0x20,0x20,0x66,0x6f,0x72,0x20,0x28,0x69,0x6e,0x74,0x20,0x69,0x20,0x3d,0x20,
    0x31,0x3b,0x20,0x69,0x20,0x3c,0x3d,0x20,0x34,0x3b,0x20,0x69,0x2b,0x2b,0x29,0x0a,
    0x20,0x20,0x20,0x20,0x7b,0x0a,0x20,0x20,0x20,0x20,0x20,0x20,0x20,0x20,0x66,0x6c,
    0x6f,0x61,0x74,0x20,0x5f,0x34,0x33,0x20,0x3d,0x20,0x66,0x6c,0x6f,0x61,0x74,0x28,
    0x69,0x29,0x3b,0x0a,0x20,0x20,0x20,0x20,0x20,0x20,0x20,0x20,0x66,0x6c,0x6f,0x61,
    0x74,0x20,0x5f,0x35,0x33,0x20,0x3d,0x20,0x65,0x78,0x70,0x28,0x28,0x5f,0x34,0x33,
    0x20,0x2a,0x20,0x28,0x2d,0x30,0x2e,0x32,0x35,0x66,0x29,0x29,0x20,0x2a,0x20,0x28,
    0x5f,0x34,0x33,0x20,0x2a,0x20,0x30,0x2e,0x35,0x66,0x29,0x29,0x3b,0x0a,0x20,0x20,
    0x20,0x20,0x20,0x20,0x20,0x20,0x66,0x6c,0x6f,0x61,0x74,0x32,0x20,0x5f,0x36,0x37,
    0x20,0x3d,0x20,0x5f,0x36,0x30,0x5f,0x62,0x6c,0x75,0x72,0x5f,0x64,0x69,0x72,0x2e,
    0x78,0x79,0x20,0x2a,0x20,0x5f,0x34,0x33,0x3b,0x0a,0x20,0x20,0x20,0x20,0x20,0x20,
    0x20,0x20,0x61,0x63,0x63,0x20,0x3d,0x20,0x28,0x61,0x63,0x63,0x20,0x2b,0x20,0x28,
    0x70,0x6f,0x73,0x74,0x5f,0x62,0x6c,0x75,0x72,0x5f,0x73,0x72,0x63,0x2e,0x53,0x61,
    0x6d,0x70,0x6c,0x65,0x28,0x70,0x6f,0x73,0x74,0x5f,0x62,0x6c,0x75,0x72,0x5f,0x73,
    0x6d,0x70,0x2c,0x20,0x65,0x66,0x78,0x5f,0x75,0x76,0x20,0x2b,0x20,0x5f,0x36,0x37,
    0x29,0x20,0x2a,0x20,0x5f,0x35,0x33,0x29,0x29,0x20,0x2b,0x20,0x28,0x70,0x6f,0x73,
    0x74,0x5f,0x62,0x6c,0x75,0x72,0x5f,0x73,0x72,0x63,0x2e,0x53,0x61,0x6d,0x70,0x6c,
    0x65,0x28,0x70,0x6f,0x73,0x74,0x5f,0x62,0x6c,0x75,0x72,0x5f,0x73,0x6d,0x70,0x2c,
    0x20,0x65,0x66,0x78,0x5f,0x75,0x76,0x20,0x2d,0x20,0x5f,0x36,0x37,0x29,0x20,0x2a,
    0x20,0x5f,0x35,0x33,0x29,0x3b,0x0a,0x20,0x20,0x20,0x20,0x20,0x20,0x20,0x20,0x77,
    0x73,0x75,0x6d,0x20,0x2b,0x3d,0x20,0x28,0x32,0x2e,0x30,0x66,0x20,0x2a,0x20,0x5f,
    0x35,0x33,0x29,0x3b,0x0a,0x20,0x20,0x20,0x20,0x7d,0x0a,0x20,0x20,0x20,0x20,0x66,
    0x72,0x61,0x67,0x5f,0x63,0x6f,0x6c,0x6f,0x72,0x20,0x3d,0x20,0x61,0x63,0x63,0x20,
    0x2f,0x20,0x77,0x73,0x75,0x6d,0x2e,0x78,0x78,0x78,0x78,0x3b,0x0a,0x7d,0x0a,0x0a,
    0x53,0x50,0x49,0x52,0x56,0x5f,0x43,0x72,0x6f,0x73,0x73,0x5f,0x4f,0x75,0x74,0x70,
    0x75,0x74,0x20,0x6d,0x61,0x69,0x6e,0x28,0x53,0x50,0x49,0x52,0x56,0x5f,0x43,0x72,
    0x6f,0x73,0x73,0x5f,0x49,0x6e,0x70,0x75,0x74,0x20,0x73,0x74,0x61,0x67,0x65,0x5f,
    0x69,0x6e,0x70,0x75,0x74,0x29,0x0a,0x7b,0x0a,0x20,0x20,0x20,0x20,0x65,0x66,0x78,
    0x5f,0x75,0x76,0x20,0x3d,0x20,0x73,0x74,0x61,0x67,0x65,0x5f,0x69,0x6e,0x70,0x75,
    0x74,0x2e,0x65,0x66,0x78,0x5f,0x75,0x76,0x3b,0x0a,0x20,0x20,0x20,0x20,0x66,0x72,
    0x61,0x67,0x5f,0x6d,0x61,0x69,0x6e,0x28,0x29,0x3b,0x0a,0x20,0x20,0x20,0x20,0x53,
    0x50,0x49,0x52,0x56,0x5f,0x43,0x72,0x6f,0x73,0x73,0x5f,0x4f,0x75,0x74,0x70,0x75,
    0x74,0x20,0x73,0x74,0x61,0x67,0x65,0x5f,0x6f,0x75,0x74,0x70,0x75,0x74,0x3b,0x0a,
    0x20,0x20,0x20,0x20,0x73,0x74,0x61,0x67,0x65,0x5f,0x6f,0x75,0x74,0x70,0x75,0x74,
    0x2e,0x66,0x72,0x61,0x67,0x5f,0x63,0x6f,0x6c,0x6f,0x72,0x20,0x3d,0x20,0x66,0x72,
    0x61,0x67,0x5f,0x63,0x6f,0x6c,0x6f,0x72,0x3b,0x0a,0x20,0x20,0x20,0x20,0x72,0x65,
    0x74,0x75,0x72,0x6e,0x20,0x73,0x74,0x61,0x67,0x65,0x5f,0x6f,0x75,0x74,0x70,0x75,
    0x74,0x3b,0x0a,0x7d,0x0a,0x00,
};
/*
    cbuffer post_bright_params : register(b1)
    {
        float4 _39_bright_params : packoffset(c0);
    };

    Texture2D<float4> post_bright_src : register(t0);
    SamplerState post_bright_smp : register(s0);

    static float2 efx_uv;
    static float4 frag_color;

    struct SPIRV_Cross_Input
    {
        float2 efx_uv : TEXCOORD0;
    };

    struct SPIRV_Cross_Output
    {
        float4 frag_color : SV_Target0;
    };

    void frag_main()
    {
        float4 _24 = post_bright_src.Sample(post_bright_smp, efx_uv);
        float3 _29 = _24.xyz;
        float _34 = dot(_29, float3(0.2125999927520751953125f, 0.715200006961822509765625f, 0.072200000286102294921875f));
        float _51 = (_34 > _39_bright_params.x) ? _34 : 0.0f;
        float _55;
        if (_51 > 0.0f)
        {
            _55 = (_51 - _39_bright_params.x) / _51;
        }
        else
        {
            _55 = 0.0f;
        }
        frag_color = float4(_29 * _55, _24.w);
    }

    SPIRV_Cross_Output main(SPIRV_Cross_Input stage_input)
    {
        efx_uv = stage_input.efx_uv;
        frag_main();
        SPIRV_Cross_Output stage_output;
        stage_output.frag_color = frag_color;
        return stage_output;
    }
*/
static const uint8_t post_bright_fs_source_hlsl4[1055] = {
    0x63,0x62,0x75,0x66,0x66,0x65,0x72,0x20,0x70,0x6f,0x73,0x74,0x5f,0x62,0x72,0x69,
    0x67,0x68,0x74,0x5f,0x70,0x61,0x72,0x61,0x6d,0x73,0x20,0x3a,0x20,0x72,0x65,0x67,
    0x69,0x73,0x74,0x65,0x72,0x28,0x62,0x31,0x29,0x0a,0x7b,0x0a,0x20,0x20,0x20,0x20,
    0x66,0x6c,0x6f,0x61,0x74,0x34,0x20,0x5f,0x33,0x39,0x5f,0x62,0x72,0x69,0x67,0x68,
    0x74,0x5f,0x70,0x61,0x72,0x61,0x6d,0x73,0x20,0x3a,0x20,0x70,0x61,0x63,0x6b,0x6f,
    0x66,0x66,0x73,0x65,0x74,0x28,0x63,0x30,0x29,0x3b,0x0a,0x7d,0x3b,0x0a,0x0a,0x54,
    0x65,0x78,0x74,0x75,0x72,0x65,0x32,0x44,0x3c,0x66,0x6c,0x6f,0x61,0x74,0x34,0x3e,
    0x20,0x70,0x6f,0x73,0x74,0x5f,0x62,0x72,0x69,0x67,0x68,0x74,0x5f,0x73,0x72,0x63,
    0x20,0x3a,0x20,0x72,0x65,0x67,0x69,0x73,0x74,0x65,0x72,0x28,0x74,0x30,0x29,0x3b,
    0x0a,0x53,0x61,0x6d,0x70,0x6c,0x65,0x72,0x53,0x74,0x61,0x74,0x65,0x20,0x70,0x6f,
    0x73,0x74,0x5f,0x62,0x72,0x69,0x67,0x68,0x74,0x5f,0x73,0x6d,0x70,0x20,0x3a,0x20,
    0x72,0x65,0x67,0x69,0x73,0x74,0x65,0x72,0x28,0x73,0x30,0x29,0x3b,0x0a,0x0a,0x73,
    0x74,0x61,0x74,0x69,0x63,0x20,0x66,0x6c,0x6f,0x61,0x74,0x32,0x20,0x65,0x66,0x78,
    0x5f,0x75,0x76,0x3b,0x0a,0x73,0x74,0x61,0x74,0x69,0x63,0x20,0x66,0x6c,0x6f,0x61,
    0x74,0x34,0x20,0x66,0x72,0x61,0x67,0x5f,0x63,0x6f,0x6c,0x6f,0x72,0x3b,0x0a,0x0a,
    0x73,0x74,0x72,0x75,0x63,0x74,0x20,0x53,0x50,0x49,0x52,0x56,0x5f,0x43,0x72,0x6f,
    0x73,0x73,0x5f,0x49,0x6e,0x70,0x75,0x74,0x0a,0x7b,0x0a,0x20,0x20,0x20,0x20,0x66,
    0x6c,0x6f,0x61,0x74,0x32,0x20,0x65,0x66,0x78,0x5f,0x75,0x76,0x20,0x3a,0x20,0x54,
    0x45,0x58,0x43,0x4f,0x4f,0x52,0x44,0x30,0x3b,0x0a,0x7d,0x3b,0x0a,0x0a,0x73,0x74,
    0x72,0x75,0x63,0x74,0x20,0x53,0x50,0x49,0x52,0x56,0x5f,0x43,0x72,0x6f,0x73,0x73,
    0x5f,0x4f,0x75,0x74,0x70,0x75,0x74,0x0a,0x7b,0x0a,0x20,0x20,0x20,0x20,0x66,0x6c,
    0x6f,0x61,0x74,0x34,0x20,0x66,0x72,0x61,0x67,0x5f,0x63,0x6f,0x6c,0x6f,0x72,0x20,
    0x3a,0x20,0x53,0x56,0x5f,0x54,0x61,0x72,0x67,0x65,0x74,0x30,0x3b,0x0a,0x7d,0x3b,
    0x0a,0x0a,0x76,0x6f,0x69,0x64,0x20,0x66,0x72,0x61,0x67,0x5f,0x6d,0x61,0x69,0x6e,
    0x28,0x29,0x0a,0x7b,0x0a,0x20,0x20,0x20,0x20,0x66,0x6c,0x6f,0x61,0x74,0x34,0x20,
    0x5f,0x32,0x34,0x20,0x3d,0x20,0x70,0x6f,0x73,0x74,0x5f,0x62,0x72,0x69,0x67,0x68,
    0x74,0x5f,0x73,0x72,0x63,0x2e,0x53,0x61,0x6d,0x70,0x6c,0x65,0x28,0x70,0x6f,0x73,
    0x74,0x5f,0x62,0x72,0x69,0x67,0x68,0x74,0x5f,0x73,0x6d,0x70,0x2c,0x20,0x65,0x66,
    0x78,0x5f,0x75,0x76,0x29,0x3b,0x0a,0x20,0x20,0x20,0x20,0x66,0x6c,0x6f,0x61,0x74,
    0x33,0x20,0x5f,0x32,0x39,0x20,0x3d,0x20,0x5f,0x32,0x34,0x2e,0x78,0x79,0x7a,0x3b,
    0x0a,0x20,0x20,0x20,0x20,0x66,0x6c,0x6f,0x61,0x74,0x20,0x5f,0x33,0x34,0x20,0x3d,
    0x20,0x64,0x6f,0x74,0x28,0x5f,0x32,0x39,0x2c,0x20,0x66,0x6c,0x6f,0x61,0x74,0x33,
    0x28,0x30,0x2e,0x32,0x31,0x32,0x35,0x39,0x39,0x39,0x39,0x32,0x37,0x35,0x32,0x30,
    0x37,0x35,0x31,0x39,0x35,0x33,0x31,0x32,0x35,0x66,0x2c,0x20,0x30,0x2e,0x37,0x31,
    0x35,0x32,0x30,0x30,0x30,0x30,0x36,0x39,0x36,0x31,0x38,0x32,0x32,0x35,0x30,0x39,
    0x37,0x36,0x35,0x36,0x32,0x35,0x66,0x2c,0x20,0x30,0x2e,0x30,0x37,0x32,0x32,0x30,
    0x30,0x30,0x30,0x30,0x32,0x38,0x36,0x31,0x30,0x32,0x32,0x39,0x34,0x39,0x32,0x31,
    0x38,0x37,0x35,0x66,0x29,0x29,0x3b,0x0a,0x20,0x20,0x20,0x20,0x66,0x6c,0x6f,0x61,
    0x74,0x20,0x5f,0x35,0x31,0x20,0x3d,0x20,0x28,0x5f,0x33,0x34,0x20,0x3e,0x20,0x5f,
    0x33,0x39,0x5f,0x62,0x72,0x69,0x67,0x68,0x74,0x5f,0x70,0x61,0x72,0x61,0x6d,0x73,
    0x2e,0x78,0x29,0x20,0x3f,0x20,0x5f,0x33,0x34,0x20,0x3a,0x20,0x30,0x2e,0x30,0x66,
    0x3b,0x0a,0x20,0x20,0x20,0x20,0x66,0x6c,0x6f,0x61,0x74,0x20,0x5f,0x35,0x35,0x3b,
    0x0a,0x20,0x20,0x20,0x20,0x69,0x66,0x20,0x28,0x5f,0x35,0x31,0x20,0x3e,0x20,0x30,
    0x2e,0x30,0x66,0x29,0x0a,0x20,0x20,0x20,0x20,0x7b,0x0a,0x20,0x20,0x20,0x20,0x20,
    0x20,0x20,0x20,0x5f,0x35,0x35,0x20,0x3d,0x20,0x28,0x5f,0x35,0x31,0x20,0x2d,0x20,
    0x5f,0x33,0x39,0x5f,0x62,0x72,0x69,0x67,0x68,0x74,0x5f,0x70,0x61,0x72,0x61,0x6d,
    0x73,0x2e,0x78,0x29,0x20,0x2f,0x20,0x5f,0x35,0x31,0x3b,0x0a,0x20,0x20,0x20,0x20,
    0x7d,0x0a,0x20,0x20,0x20,0x20,0x65,0x6c,0x73,0x65,0x0a,0x20,0x20,0x20,0x20,0x7b,
    0x0a,0x20,0x20,0x20,0x20,0x20,0x20,0x20,0x20,0x5f,0x35,0x35,0x20,0x3d,0x20,0x30,
    0x2e,0x30,0x66,0x3b,0x0a,0x20,0x20,0x20,0x20,0x7d,0x0a,0x20,0x20,0x20,0x20,0x66,
    0x72,0x61,0x67,0x5f,0x63,0x6f,0x6c,0x6f,0x72,0x20,0x3d,0x20,0x66,0x6c,0x6f,0x61,
    0x74,0x34,0x28,0x5f,0x32,0x39,0x20,0x2a,0x20,0x5f,0x35,0x35,0x2c,0x20,0x5f,0x32,
    0x34,0x2e,0x77,0x29,0x3b,0x0a,0x7d,0x0a,0x0a,0x53,0x50,0x49,0x52,0x56,0x5f,0x43,
    0x72,0x6f,0x73,0x73,0x5f,0x4f,0x75,0x74,0x70,0x75,0x74,0x20,0x6d,0x61,0x69,0x6e,
    0x28,0x53,0x50,0x49,0x52,0x56,0x5f,0x43,0x72,0x6f,0x73,0x73,0x5f,0x49,0x6e,0x70,
    0x75,0x74,0x20,0x73,0x74,0x61,0x67,0x65,0x5f,0x69,0x6e,0x70,0x75,0x74,0x29,0x0a,
    0x7b,0x0a,0x20,0x20,0x20,0x20,0x65,0x66,0x78,0x5f,0x75,0x76,0x20,0x3d,0x20,0x73,
    0x74,0x61,0x67,0x65,0x5f,0x69,0x6e,0x70,0x75,0x74,0x2e,0x65,0x66,0x78,0x5f,0x75,
    0x76,0x3b,0x0a,0x20,0x20,0x20,0x20,0x66,0x72,0x61,0x67,0x5f,0x6d,0x61,0x69,0x6e,
    0x28,0x29,0x3b,0x0a,0x20,0x20,0x20,0x20,0x53,0x50,0x49,0x52,0x56,0x5f,0x43,0x72,
    0x6f,0x73,0x73,0x5f,0x4f,0x75,0x74,0x70,0x75,0x74,0x20,0x73,0x74,0x61,0x67,0x65,
    0x5f,0x6f,0x75,0x74,0x70,0x75,0x74,0x3b,0x0a,0x20,0x20,0x20,0x20,0x73,0x74,0x61,
    0x67,0x65,0x5f,0x6f,0x75,0x74,0x70,0x75,0x74,0x2e,0x66,0x72,0x61,0x67,0x5f,0x63,
    0x6f,0x6c,0x6f,0x72,0x20,0x3d,0x20,0x66,0x72,0x61,0x67,0x5f,0x63,0x6f,0x6c,0x6f,
    0x72,0x3b,0x0a,0x20,0x20,0x20,0x20,0x72,0x65,0x74,0x75,0x72,0x6e,0x20,0x73,0x74,
    0x61,0x67,0x65,0x5f,0x6f,0x75,0x74,0x70,0x75,0x74,0x3b,0x0a,0x7d,0x0a,0x00,
};
/*
    cbuffer post_mix_params : register(b1)
    {
        float4 _39_mix_params : packoffset(c0);
    };

    Texture2D<float4> post_mix_a : register(t0);
    SamplerState post_mix_a_smp : register(s0);
    Texture2D<float4> post_mix_b : register(t1);
    SamplerState post_mix_b_smp : register(s1);

    static float2 efx_uv;
    static float4 frag_color;

    struct SPIRV_Cross_Input
    {
        float2 efx_uv : TEXCOORD0;
    };

    struct SPIRV_Cross_Output
    {
        float4 frag_color : SV_Target0;
    };

    void frag_main()
    {
        frag_color = lerp(post_mix_a.Sample(post_mix_a_smp, efx_uv), post_mix_b.Sample(post_mix_b_smp, efx_uv), _39_mix_params.x.xxxx);
    }

    SPIRV_Cross_Output main(SPIRV_Cross_Input stage_input)
    {
        efx_uv = stage_input.efx_uv;
        frag_main();
        SPIRV_Cross_Output stage_output;
        stage_output.frag_color = frag_color;
        return stage_output;
    }
*/
static const uint8_t post_mix_fs_source_hlsl4[815] = {
    0x63,0x62,0x75,0x66,0x66,0x65,0x72,0x20,0x70,0x6f,0x73,0x74,0x5f,0x6d,0x69,0x78,
    0x5f,0x70,0x61,0x72,0x61,0x6d,0x73,0x20,0x3a,0x20,0x72,0x65,0x67,0x69,0x73,0x74,
    0x65,0x72,0x28,0x62,0x31,0x29,0x0a,0x7b,0x0a,0x20,0x20,0x20,0x20,0x66,0x6c,0x6f,
    0x61,0x74,0x34,0x20,0x5f,0x33,0x39,0x5f,0x6d,0x69,0x78,0x5f,0x70,0x61,0x72,0x61,
    0x6d,0x73,0x20,0x3a,0x20,0x70,0x61,0x63,0x6b,0x6f,0x66,0x66,0x73,0x65,0x74,0x28,
    0x63,0x30,0x29,0x3b,0x0a,0x7d,0x3b,0x0a,0x0a,0x54,0x65,0x78,0x74,0x75,0x72,0x65,
    0x32,0x44,0x3c,0x66,0x6c,0x6f,0x61,0x74,0x34,0x3e,0x20,0x70,0x6f,0x73,0x74,0x5f,
    0x6d,0x69,0x78,0x5f,0x61,0x20,0x3a,0x20,0x72,0x65,0x67,0x69,0x73,0x74,0x65,0x72,
    0x28,0x74,0x30,0x29,0x3b,0x0a,0x53,0x61,0x6d,0x70,0x6c,0x65,0x72,0x53,0x74,0x61,
    0x74,0x65,0x20,0x70,0x6f,0x73,0x74,0x5f,0x6d,0x69,0x78,0x5f,0x61,0x5f,0x73,0x6d,
    0x70,0x20,0x3a,0x20,0x72,0x65,0x67,0x69,0x73,0x74,0x65,0x72,0x28,0x73,0x30,0x29,
    0x3b,0x0a,0x54,0x65,0x78,0x74,0x75,0x72,0x65,0x32,0x44,0x3c,0x66,0x6c,0x6f,0x61,
    0x74,0x34,0x3e,0x20,0x70,0x6f,0x73,0x74,0x5f,0x6d,0x69,0x78,0x5f,0x62,0x20,0x3a,
    0x20,0x72,0x65,0x67,0x69,0x73,0x74,0x65,0x72,0x28,0x74,0x31,0x29,0x3b,0x0a,0x53,
    0x61,0x6d,0x70,0x6c,0x65,0x72,0x53,0x74,0x61,0x74,0x65,0x20,0x70,0x6f,0x73,0x74,
    0x5f,0x6d,0x69,0x78,0x5f,0x62,0x5f,0x73,0x6d,0x70,0x20,0x3a,0x20,0x72,0x65,0x67,
    0x69,0x73,0x74,0x65,0x72,0x28,0x73,0x31,0x29,0x3b,0x0a,0x0a,0x73,0x74,0x61,0x74,
    0x69,0x63,0x20,0x66,0x6c,0x6f,0x61,0x74,0x32,0x20,0x65,0x66,0x78,0x5f,0x75,0x76,
    0x3b,0x0a,0x73,0x74,0x61,0x74,0x69,0x63,0x20,0x66,0x6c,0x6f,0x61,0x74,0x34,0x20,
    0x66,0x72,0x61,0x67,0x5f,0x63,0x6f,0x6c,0x6f,0x72,0x3b,0x0a,0x0a,0x73,0x74,0x72,
    0x75,0x63,0x74,0x20,0x53,0x50,0x49,0x52,0x56,0x5f,0x43,0x72,0x6f,0x73,0x73,0x5f,
    0x49,0x6e,0x70,0x75,0x74,0x0a,0x7b,0x0a,0x20,0x20,0x20,0x20,0x66,0x6c,0x6f,0x61,
    0x74,0x32,0x20,0x65,0x66,0x78,0x5f,0x75,0x76,0x20,0x3a,0x20,0x54,0x45,0x58,0x43,
    0x4f,0x4f,0x52,0x44,0x30,0x3b,0x0a,0x7d,0x3b,0x0a,0x0a,0x73,0x74,0x72,0x75,0x63,
    0x74,0x20,0x53,0x50,0x49,0x52,0x56,0x5f,0x43,0x72,0x6f,0x73,0x73,0x5f,0x4f,0x75,
    0x74,0x70,0x75,0x74,0x0a,0x7b,0x0a,0x20,0x20,0x20,0x20,0x66,0x6c,0x6f,0x61,0x74,
    0x34,0x20,0x66,0x72,0x61,0x67,0x5f,0x63,0x6f,0x6c,0x6f,0x72,0x20,0x3a,0x20,0x53,
    0x56,0x5f,0x54,0x61,0x72,0x67,0x65,0x74,0x30,0x3b,0x0a,0x7d,0x3b,0x0a,0x0a,0x76,
    0x6f,0x69,0x64,0x20,0x66,0x72,0x61,0x67,0x5f,0x6d,0x61,0x69,0x6e,0x28,0x29,0x0a,
    0x7b,0x0a,0x20,0x20,0x20,0x20,0x66,0x72,0x61,0x67,0x5f,0x63,0x6f,0x6c,0x6f,0x72,
    0x20,0x3d,0x20,0x6c,0x65,0x72,0x70,0x28,0x70,0x6f,0x73,0x74,0x5f,0x6d,0x69,0x78,
    0x5f,0x61,0x2e,0x53,0x61,0x6d,0x70,0x6c,0x65,0x28,0x70,0x6f,0x73,0x74,0x5f,0x6d,
    0x69,0x78,0x5f,0x61,0x5f,0x73,0x6d,0x70,0x2c,0x20,0x65,0x66,0x78,0x5f,0x75,0x76,
    0x29,0x2c,0x20,0x70,0x6f,0x73,0x74,0x5f,0x6d,0x69,0x78,0x5f,0x62,0x2e,0x53,0x61,
    0x6d,0x70,0x6c,0x65,0x28,0x70,0x6f,0x73,0x74,0x5f,0x6d,0x69,0x78,0x5f,0x62,0x5f,
    0x73,0x6d,0x70,0x2c,0x20,0x65,0x66,0x78,0x5f,0x75,0x76,0x29,0x2c,0x20,0x5f,0x33,
    0x39,0x5f,0x6d,0x69,0x78,0x5f,0x70,0x61,0x72,0x61,0x6d,0x73,0x2e,0x78,0x2e,0x78,
    0x78,0x78,0x78,0x29,0x3b,0x0a,0x7d,0x0a,0x0a,0x53,0x50,0x49,0x52,0x56,0x5f,0x43,
    0x72,0x6f,0x73,0x73,0x5f,0x4f,0x75,0x74,0x70,0x75,0x74,0x20,0x6d,0x61,0x69,0x6e,
    0x28,0x53,0x50,0x49,0x52,0x56,0x5f,0x43,0x72,0x6f,0x73,0x73,0x5f,0x49,0x6e,0x70,
    0x75,0x74,0x20,0x73,0x74,0x61,0x67,0x65,0x5f,0x69,0x6e,0x70,0x75,0x74,0x29,0x0a,
    0x7b,0x0a,0x20,0x20,0x20,0x20,0x65,0x66,0x78,0x5f,0x75,0x76,0x20,0x3d,0x20,0x73,
    0x74,0x61,0x67,0x65,0x5f,0x69,0x6e,0x70,0x75,0x74,0x2e,0x65,0x66,0x78,0x5f,0x75,
    0x76,0x3b,0x0a,0x20,0x20,0x20,0x20,0x66,0x72,0x61,0x67,0x5f,0x6d,0x61,0x69,0x6e,
    0x28,0x29,0x3b,0x0a,0x20,0x20,0x20,0x20,0x53,0x50,0x49,0x52,0x56,0x5f,0x43,0x72,
    0x6f,0x73,0x73,0x5f,0x4f,0x75,0x74,0x70,0x75,0x74,0x20,0x73,0x74,0x61,0x67,0x65,
    0x5f,0x6f,0x75,0x74,0x70,0x75,0x74,0x3b,0x0a,0x20,0x20,0x20,0x20,0x73,0x74,0x61,
    0x67,0x65,0x5f,0x6f,0x75,0x74,0x70,0x75,0x74,0x2e,0x66,0x72,0x61,0x67,0x5f,0x63,
    0x6f,0x6c,0x6f,0x72,0x20,0x3d,0x20,0x66,0x72,0x61,0x67,0x5f,0x63,0x6f,0x6c,0x6f,
    0x72,0x3b,0x0a,0x20,0x20,0x20,0x20,0x72,0x65,0x74,0x75,0x72,0x6e,0x20,0x73,0x74,
    0x61,0x67,0x65,0x5f,0x6f,0x75,0x74,0x70,0x75,0x74,0x3b,0x0a,0x7d,0x0a,0x00,
};
/*
    cbuffer post_composite_params : register(b1)
    {
        float4 _42_comp_params : packoffset(c0);
    };

    Texture2D<float4> post_comp_base : register(t0);
    SamplerState post_comp_base_smp : register(s0);
    Texture2D<float4> post_comp_add : register(t1);
    SamplerState post_comp_add_smp : register(s1);

    static float2 efx_uv;
    static float4 frag_color;

    struct SPIRV_Cross_Input
    {
        float2 efx_uv : TEXCOORD0;
    };

    struct SPIRV_Cross_Output
    {
        float4 frag_color : SV_Target0;
    };

    void frag_main()
    {
        float4 _24 = post_comp_base.Sample(post_comp_base_smp, efx_uv);
        float3 _37 = _24.xyz;
        frag_color = float4(lerp(_37, clamp(_37 + (post_comp_add.Sample(post_comp_add_smp, efx_uv).xyz * _42_comp_params.x), 0.0f.xxx, 1.0f.xxx), _42_comp_params.y.xxx), _24.w);
    }

    SPIRV_Cross_Output main(SPIRV_Cross_Input stage_input)
    {
        efx_uv = stage_input.efx_uv;
        frag_main();
        SPIRV_Cross_Output stage_output;
        stage_output.frag_color = frag_color;
        return stage_output;
    }
*/
static const uint8_t post_composite_fs_source_hlsl4[972] = {
    0x63,0x62,0x75,0x66,0x66,0x65,0x72,0x20,0x70,0x6f,0x73,0x74,0x5f,0x63,0x6f,0x6d,
    0x70,0x6f,0x73,0x69,0x74,0x65,0x5f,0x70,0x61,0x72,0x61,0x6d,0x73,0x20,0x3a,0x20,
    0x72,0x65,0x67,0x69,0x73,0x74,0x65,0x72,0x28,0x62,0x31,0x29,0x0a,0x7b,0x0a,0x20,
    0x20,0x20,0x20,0x66,0x6c,0x6f,0x61,0x74,0x34,0x20,0x5f,0x34,0x32,0x5f,0x63,0x6f,
    0x6d,0x70,0x5f,0x70,0x61,0x72,0x61,0x6d,0x73,0x20,0x3a,0x20,0x70,0x61,0x63,0x6b,
    0x6f,0x66,0x66,0x73,0x65,0x74,0x28,0x63,0x30,0x29,0x3b,0x0a,0x7d,0x3b,0x0a,0x0a,
    0x54,0x65,0x78,0x74,0x75,0x72,0x65,0x32,0x44,0x3c,0x66,0x6c,0x6f,0x61,0x74,0x34,
    0x3e,0x20,0x70,0x6f,0x73,0x74,0x5f,0x63,0x6f,0x6d,0x70,0x5f,0x62,0x61,0x73,0x65,
    0x20,0x3a,0x20,0x72,0x65,0x67,0x69,0x73,0x74,0x65,0x72,0x28,0x74,0x30,0x29,0x3b,
    0x0a,0x53,0x61,0x6d,0x70,0x6c,0x65,0x72,0x53,0x74,0x61,0x74,0x65,0x20,0x70,0x6f,
    0x73,0x74,0x5f,0x63,0x6f,0x6d,0x70,0x5f,0x62,0x61,0x73,0x65,0x5f,0x73,0x6d,0x70,
    0x20,0x3a,0x20,0x72,0x65,0x67,0x69,0x73,0x74,0x65,0x72,0x28,0x73,0x30,0x29,0x3b,
    0x0a,0x54,0x65,0x78,0x74,0x75,0x72,0x65,0x32,0x44,0x3c,0x66,0x6c,0x6f,0x61,0x74,
    0x34,0x3e,0x20,0x70,0x6f,0x73,0x74,0x5f,0x63,0x6f,0x6d,0x70,0x5f,0x61,0x64,0x64,
    0x20,0x3a,0x20,0x72,0x65,0x67,0x69,0x73,0x74,0x65,0x72,0x28,0x74,0x31,0x29,0x3b,
    0x0a,0x53,0x61,0x6d,0x70,0x6c,0x65,0x72,0x53,0x74,0x61,0x74,0x65,0x20,0x70,0x6f,
    0x73,0x74,0x5f,0x63,0x6f,0x6d,0x70,0x5f,0x61,0x64,0x64,0x5f,0x73,0x6d,0x70,0x20,
    0x3a,0x20,0x72,0x65,0x67,0x69,0x73,0x74,0x65,0x72,0x28,0x73,0x31,0x29,0x3b,0x0a,
    0x0a,0x73,0x74,0x61,0x74,0x69,0x63,0x20,0x66,0x6c,0x6f,0x61,0x74,0x32,0x20,0x65,
    0x66,0x78,0x5f,0x75,0x76,0x3b,0x0a,0x73,0x74,0x61,0x74,0x69,0x63,0x20,0x66,0x6c,
    0x6f,0x61,0x74,0x34,0x20,0x66,0x72,0x61,0x67,0x5f,0x63,0x6f,0x6c,0x6f,0x72,0x3b,
    0x0a,0x0a,0x73,0x74,0x72,0x75,0x63,0x74,0x20,0x53,0x50,0x49,0x52,0x56,0x5f,0x43,
    0x72,0x6f,0x73,0x73,0x5f,0x49,0x6e,0x70,0x75,0x74,0x0a,0x7b,0x0a,0x20,0x20,0x20,
    0x20,0x66,0x6c,0x6f,0x61,0x74,0x32,0x20,0x65,0x66,0x78,0x5f,0x75,0x76,0x20,0x3a,
    0x20,0x54,0x45,0x58,0x43,0x4f,0x4f,0x52,0x44,0x30,0x3b,0x0a,0x7d,0x3b,0x0a,0x0a,
    0x73,0x74,0x72,0x75,0x63,0x74,0x20,0x53,0x50,0x49,0x52,0x56,0x5f,0x43,0x72,0x6f,
    0x73,0x73,0x5f,0x4f,0x75,0x74,0x70,0x75,0x74,0x0a,0x7b,0x0a,0x20,0x20,0x20,0x20,
    0x66,0x6c,0x6f,0x61,0x74,0x34,0x20,0x66,0x72,0x61,0x67,0x5f,0x63,0x6f,0x6c,0x6f,
    0x72,0x20,0x3a,0x20,0x53,0x56,0x5f,0x54,0x61,0x72,0x67,0x65,0x74,0x30,0x3b,0x0a,
    0x7d,0x3b,0x0a,0x0a,0x76,0x6f,0x69,0x64,0x20,0x66,0x72,0x61,0x67,0x5f,0x6d,0x61,
    0x69,0x6e,0x28,0x29,0x0a,0x7b,0x0a,0x20,0x20,0x20,0x20,0x66,0x6c,0x6f,0x61,0x74,
    0x34,0x20,0x5f,0x32,0x34,0x20,0x3d,0x20,0x70,0x6f,0x73,0x74,0x5f,0x63,0x6f,0x6d,
    0x70,0x5f,0x62,0x61,0x73,0x65,0x2e,0x53,0x61,0x6d,0x70,0x6c,0x65,0x28,0x70,0x6f,
    0x73,0x74,0x5f,0x63,0x6f,0x6d,0x70,0x5f,0x62,0x61,0x73,0x65,0x5f,0x73,0x6d,0x70,
    0x2c,0x20,0x65,0x66,0x78,0x5f,0x75,0x76,0x29,0x3b,0x0a,0x20,0x20,0x20,0x20,0x66,
    0x6c,0x6f,0x61,0x74,0x33,0x20,0x5f,0x33,0x37,0x20,0x3d,0x20,0x5f,0x32,0x34,0x2e,
    0x78,0x79,0x7a,0x3b,0x0a,0x20,0x20,0x20,0x20,0x66,0x72,0x61,0x67,0x5f,0x63,0x6f,
    0x6c,0x6f,0x72,0x20,0x3d,0x20,0x66,0x6c,0x6f,0x61,0x74,0x34,0x28,0x6c,0x65,0x72,
    0x70,0x28,0x5f,0x33,0x37,0x2c,0x20,0x63,0x6c,0x61,0x6d,0x70,0x28,0x5f,0x33,0x37,
    0x20,0x2b,0x20,0x28,0x70,0x6f,0x73,0x74,0x5f,0x63,0x6f,0x6d,0x70,0x5f,0x61,0x64,
    0x64,0x2e,0x53,0x61,0x6d,0x70,0x6c,0x65,0x28,0x70,0x6f,0x73,0x74,0x5f,0x63,0x6f,
    0x6d,0x70,0x5f,0x61,0x64,0x64,0x5f,0x73,0x6d,0x70,0x2c,0x20,0x65,0x66,0x78,0x5f,
    0x75,0x76,0x29,0x2e,0x78,0x79,0x7a,0x20,0x2a,0x20,0x5f,0x34,0x32,0x5f,0x63,0x6f,
    0x6d,0x70,0x5f,0x70,0x61,0x72,0x61,0x6d,0x73,0x2e,0x78,0x29,0x2c,0x20,0x30,0x2e,
    0x30,0x66,0x2e,0x78,0x78,0x78,0x2c,0x20,0x31,0x2e,0x30,0x66,0x2e,0x78,0x78,0x78,
    0x29,0x2c,0x20,0x5f,0x34,0x32,0x5f,0x63,0x6f,0x6d,0x70,0x5f,0x70,0x61,0x72,0x61,
    0x6d,0x73,0x2e,0x79,0x2e,0x78,0x78,0x78,0x29,0x2c,0x20,0x5f,0x32,0x34,0x2e,0x77,
    0x29,0x3b,0x0a,0x7d,0x0a,0x0a,0x53,0x50,0x49,0x52,0x56,0x5f,0x43,0x72,0x6f,0x73,
    0x73,0x5f,0x4f,0x75,0x74,0x70,0x75,0x74,0x20,0x6d,0x61,0x69,0x6e,0x28,0x53,0x50,
    0x49,0x52,0x56,0x5f,0x43,0x72,0x6f,0x73,0x73,0x5f,0x49,0x6e,0x70,0x75,0x74,0x20,
    0x73,0x74,0x61,0x67,0x65,0x5f,0x69,0x6e,0x70,0x75,0x74,0x29,0x0a,0x7b,0x0a,0x20,
    0x20,0x20,0x20,0x65,0x66,0x78,0x5f,0x75,0x76,0x20,0x3d,0x20,0x73,0x74,0x61,0x67,
    0x65,0x5f,0x69,0x6e,0x70,0x75,0x74,0x2e,0x65,0x66,0x78,0x5f,0x75,0x76,0x3b,0x0a,
    0x20,0x20,0x20,0x20,0x66,0x72,0x61,0x67,0x5f,0x6d,0x61,0x69,0x6e,0x28,0x29,0x3b,
    0x0a,0x20,0x20,0x20,0x20,0x53,0x50,0x49,0x52,0x56,0x5f,0x43,0x72,0x6f,0x73,0x73,
    0x5f,0x4f,0x75,0x74,0x70,0x75,0x74,0x20,0x73,0x74,0x61,0x67,0x65,0x5f,0x6f,0x75,
    0x74,0x70,0x75,0x74,0x3b,0x0a,0x20,0x20,0x20,0x20,0x73,0x74,0x61,0x67,0x65,0x5f,
    0x6f,0x75,0x74,0x70,0x75,0x74,0x2e,0x66,0x72,0x61,0x67,0x5f,0x63,0x6f,0x6c,0x6f,
    0x72,0x20,0x3d,0x20,0x66,0x72,0x61,0x67,0x5f,0x63,0x6f,0x6c,0x6f,0x72,0x3b,0x0a,
    0x20,0x20,0x20,0x20,0x72,0x65,0x74,0x75,0x72,0x6e,0x20,0x73,0x74,0x61,0x67,0x65,
    0x5f,0x6f,0x75,0x74,0x70,0x75,0x74,0x3b,0x0a,0x7d,0x0a,0x00,
};
/*
    Texture2D<float4> post_copy_src : register(t0);
    SamplerState post_copy_smp : register(s0);

    static float4 frag_color;
    static float2 efx_uv;

    struct SPIRV_Cross_Input
    {
        float2 efx_uv : TEXCOORD0;
    };

    struct SPIRV_Cross_Output
    {
        float4 frag_color : SV_Target0;
    };

    void frag_main()
    {
        frag_color = post_copy_src.Sample(post_copy_smp, efx_uv);
    }

    SPIRV_Cross_Output main(SPIRV_Cross_Input stage_input)
    {
        efx_uv = stage_input.efx_uv;
        frag_main();
        SPIRV_Cross_Output stage_output;
        stage_output.frag_color = frag_color;
        return stage_output;
    }
*/
static const uint8_t post_copy_fs_source_hlsl4[569] = {
    0x54,0x65,0x78,0x74,0x75,0x72,0x65,0x32,0x44,0x3c,0x66,0x6c,0x6f,0x61,0x74,0x34,
    0x3e,0x20,0x70,0x6f,0x73,0x74,0x5f,0x63,0x6f,0x70,0x79,0x5f,0x73,0x72,0x63,0x20,
    0x3a,0x20,0x72,0x65,0x67,0x69,0x73,0x74,0x65,0x72,0x28,0x74,0x30,0x29,0x3b,0x0a,
    0x53,0x61,0x6d,0x70,0x6c,0x65,0x72,0x53,0x74,0x61,0x74,0x65,0x20,0x70,0x6f,0x73,
    0x74,0x5f,0x63,0x6f,0x70,0x79,0x5f,0x73,0x6d,0x70,0x20,0x3a,0x20,0x72,0x65,0x67,
    0x69,0x73,0x74,0x65,0x72,0x28,0x73,0x30,0x29,0x3b,0x0a,0x0a,0x73,0x74,0x61,0x74,
    0x69,0x63,0x20,0x66,0x6c,0x6f,0x61,0x74,0x34,0x20,0x66,0x72,0x61,0x67,0x5f,0x63,
    0x6f,0x6c,0x6f,0x72,0x3b,0x0a,0x73,0x74,0x61,0x74,0x69,0x63,0x20,0x66,0x6c,0x6f,
    0x61,0x74,0x32,0x20,0x65,0x66,0x78,0x5f,0x75,0x76,0x3b,0x0a,0x0a,0x73,0x74,0x72,
    0x75,0x63,0x74,0x20,0x53,0x50,0x49,0x52,0x56,0x5f,0x43,0x72,0x6f,0x73,0x73,0x5f,
    0x49,0x6e,0x70,0x75,0x74,0x0a,0x7b,0x0a,0x20,0x20,0x20,0x20,0x66,0x6c,0x6f,0x61,
    0x74,0x32,0x20,0x65,0x66,0x78,0x5f,0x75,0x76,0x20,0x3a,0x20,0x54,0x45,0x58,0x43,
    0x4f,0x4f,0x52,0x44,0x30,0x3b,0x0a,0x7d,0x3b,0x0a,0x0a,0x73,0x74,0x72,0x75,0x63,
    0x74,0x20,0x53,0x50,0x49,0x52,0x56,0x5f,0x43,0x72,0x6f,0x73,0x73,0x5f,0x4f,0x75,
    0x74,0x70,0x75,0x74,0x0a,0x7b,0x0a,0x20,0x20,0x20,0x20,0x66,0x6c,0x6f,0x61,0x74,
    0x34,0x20,0x66,0x72,0x61,0x67,0x5f,0x63,0x6f,0x6c,0x6f,0x72,0x20,0x3a,0x20,0x53,
    0x56,0x5f,0x54,0x61,0x72,0x67,0x65,0x74,0x30,0x3b,0x0a,0x7d,0x3b,0x0a,0x0a,0x76,
    0x6f,0x69,0x64,0x20,0x66,0x72,0x61,0x67,0x5f,0x6d,0x61,0x69,0x6e,0x28,0x29,0x0a,
    0x7b,0x0a,0x20,0x20,0x20,0x20,0x66,0x72,0x61,0x67,0x5f,0x63,0x6f,0x6c,0x6f,0x72,
    0x20,0x3d,0x20,0x70,0x6f,0x73,0x74,0x5f,0x63,0x6f,0x70,0x79,0x5f,0x73,0x72,0x63,
    0x2e,0x53,0x61,0x6d,0x70,0x6c,0x65,0x28,0x70,0x6f,0x73,0x74,0x5f,0x63,0x6f,0x70,
    0x79,0x5f,0x73,0x6d,0x70,0x2c,0x20,0x65,0x66,0x78,0x5f,0x75,0x76,0x29,0x3b,0x0a,
    0x7d,0x0a,0x0a,0x53,0x50,0x49,0x52,0x56,0x5f,0x43,0x72,0x6f,0x73,0x73,0x5f,0x4f,
    0x75,0x74,0x70,0x75,0x74,0x20,0x6d,0x61,0x69,0x6e,0x28,0x53,0x50,0x49,0x52,0x56,
    0x5f,0x43,0x72,0x6f,0x73,0x73,0x5f,0x49,0x6e,0x70,0x75,0x74,0x20,0x73,0x74,0x61,
    0x67,0x65,0x5f,0x69,0x6e,0x70,0x75,0x74,0x29,0x0a,0x7b,0x0a,0x20,0x20,0x20,0x20,
    0x65,0x66,0x78,0x5f,0x75,0x76,0x20,0x3d,0x20,0x73,0x74,0x61,0x67,0x65,0x5f,0x69,
    0x6e,0x70,0x75,0x74,0x2e,0x65,0x66,0x78,0x5f,0x75,0x76,0x3b,0x0a,0x20,0x20,0x20,
    0x20,0x66,0x72,0x61,0x67,0x5f,0x6d,0x61,0x69,0x6e,0x28,0x29,0x3b,0x0a,0x20,0x20,
    0x20,0x20,0x53,0x50,0x49,0x52,0x56,0x5f,0x43,0x72,0x6f,0x73,0x73,0x5f,0x4f,0x75,
    0x74,0x70,0x75,0x74,0x20,0x73,0x74,0x61,0x67,0x65,0x5f,0x6f,0x75,0x74,0x70,0x75,
    0x74,0x3b,0x0a,0x20,0x20,0x20,0x20,0x73,0x74,0x61,0x67,0x65,0x5f,0x6f,0x75,0x74,
    0x70,0x75,0x74,0x2e,0x66,0x72,0x61,0x67,0x5f,0x63,0x6f,0x6c,0x6f,0x72,0x20,0x3d,
    0x20,0x66,0x72,0x61,0x67,0x5f,0x63,0x6f,0x6c,0x6f,0x72,0x3b,0x0a,0x20,0x20,0x20,
    0x20,0x72,0x65,0x74,0x75,0x72,0x6e,0x20,0x73,0x74,0x61,0x67,0x65,0x5f,0x6f,0x75,
    0x74,0x70,0x75,0x74,0x3b,0x0a,0x7d,0x0a,0x00,
};
/*
    #include <metal_stdlib>
    #include <simd/simd.h>

    using namespace metal;

    struct post_vs_params
    {
        float4 post_params;
    };

    struct main0_out
    {
        float2 efx_uv [[user(locn0)]];
        float4 gl_Position [[position]];
    };

    struct main0_in
    {
        float2 a_pos [[attribute(0)]];
        float2 a_uv [[attribute(1)]];
    };

    vertex main0_out main0(main0_in in [[stage_in]], constant post_vs_params& _27 [[buffer(0)]])
    {
        main0_out out = {};
        out.gl_Position = float4(in.a_pos.x, in.a_pos.y * _27.post_params.x, 0.0, 1.0);
        out.efx_uv = in.a_uv;
        return out;
    }

*/
static const uint8_t post_vs_source_metal_macos[559] = {
    0x23,0x69,0x6e,0x63,0x6c,0x75,0x64,0x65,0x20,0x3c,0x6d,0x65,0x74,0x61,0x6c,0x5f,
    0x73,0x74,0x64,0x6c,0x69,0x62,0x3e,0x0a,0x23,0x69,0x6e,0x63,0x6c,0x75,0x64,0x65,
    0x20,0x3c,0x73,0x69,0x6d,0x64,0x2f,0x73,0x69,0x6d,0x64,0x2e,0x68,0x3e,0x0a,0x0a,
    0x75,0x73,0x69,0x6e,0x67,0x20,0x6e,0x61,0x6d,0x65,0x73,0x70,0x61,0x63,0x65,0x20,
    0x6d,0x65,0x74,0x61,0x6c,0x3b,0x0a,0x0a,0x73,0x74,0x72,0x75,0x63,0x74,0x20,0x70,
    0x6f,0x73,0x74,0x5f,0x76,0x73,0x5f,0x70,0x61,0x72,0x61,0x6d,0x73,0x0a,0x7b,0x0a,
    0x20,0x20,0x20,0x20,0x66,0x6c,0x6f,0x61,0x74,0x34,0x20,0x70,0x6f,0x73,0x74,0x5f,
    0x70,0x61,0x72,0x61,0x6d,0x73,0x3b,0x0a,0x7d,0x3b,0x0a,0x0a,0x73,0x74,0x72,0x75,
    0x63,0x74,0x20,0x6d,0x61,0x69,0x6e,0x30,0x5f,0x6f,0x75,0x74,0x0a,0x7b,0x0a,0x20,
    0x20,0x20,0x20,0x66,0x6c,0x6f,0x61,0x74,0x32,0x20,0x65,0x66,0x78,0x5f,0x75,0x76,
    0x20,0x5b,0x5b,0x75,0x73,0x65,0x72,0x28,0x6c,0x6f,0x63,0x6e,0x30,0x29,0x5d,0x5d,
    0x3b,0x0a,0x20,0x20,0x20,0x20,0x66,0x6c,0x6f,0x61,0x74,0x34,0x20,0x67,0x6c,0x5f,
    0x50,0x6f,0x73,0x69,0x74,0x69,0x6f,0x6e,0x20,0x5b,0x5b,0x70,0x6f,0x73,0x69,0x74,
    0x69,0x6f,0x6e,0x5d,0x5d,0x3b,0x0a,0x7d,0x3b,0x0a,0x0a,0x73,0x74,0x72,0x75,0x63,
    0x74,0x20,0x6d,0x61,0x69,0x6e,0x30,0x5f,0x69,0x6e,0x0a,0x7b,0x0a,0x20,0x20,0x20,
    0x20,0x66,0x6c,0x6f,0x61,0x74,0x32,0x20,0x61,0x5f,0x70,0x6f,0x73,0x20,0x5b,0x5b,
    0x61,0x74,0x74,0x72,0x69,0x62,0x75,0x74,0x65,0x28,0x30,0x29,0x5d,0x5d,0x3b,0x0a,
    0x20,0x20,0x20,0x20,0x66,0x6c,0x6f,0x61,0x74,0x32,0x20,0x61,0x5f,0x75,0x76,0x20,
    0x5b,0x5b,0x61,0x74,0x74,0x72,0x69,0x62,0x75,0x74,0x65,0x28,0x31,0x29,0x5d,0x5d,
    0x3b,0x0a,0x7d,0x3b,0x0a,0x0a,0x76,0x65,0x72,0x74,0x65,0x78,0x20,0x6d,0x61,0x69,
    0x6e,0x30,0x5f,0x6f,0x75,0x74,0x20,0x6d,0x61,0x69,0x6e,0x30,0x28,0x6d,0x61,0x69,
    0x6e,0x30,0x5f,0x69,0x6e,0x20,0x69,0x6e,0x20,0x5b,0x5b,0x73,0x74,0x61,0x67,0x65,
    0x5f,0x69,0x6e,0x5d,0x5d,0x2c,0x20,0x63,0x6f,0x6e,0x73,0x74,0x61,0x6e,0x74,0x20,
    0x70,0x6f,0x73,0x74,0x5f,0x76,0x73,0x5f,0x70,0x61,0x72,0x61,0x6d,0x73,0x26,0x20,
    0x5f,0x32,0x37,0x20,0x5b,0x5b,0x62,0x75,0x66,0x66,0x65,0x72,0x28,0x30,0x29,0x5d,
    0x5d,0x29,0x0a,0x7b,0x0a,0x20,0x20,0x20,0x20,0x6d,0x61,0x69,0x6e,0x30,0x5f,0x6f,
    0x75,0x74,0x20,0x6f,0x75,0x74,0x20,0x3d,0x20,0x7b,0x7d,0x3b,0x0a,0x20,0x20,0x20,
    0x20,0x6f,0x75,0x74,0x2e,0x67,0x6c,0x5f,0x50,0x6f,0x73,0x69,0x74,0x69,0x6f,0x6e,
    0x20,0x3d,0x20,0x66,0x6c,0x6f,0x61,0x74,0x34,0x28,0x69,0x6e,0x2e,0x61,0x5f,0x70,
    0x6f,0x73,0x2e,0x78,0x2c,0x20,0x69,0x6e,0x2e,0x61,0x5f,0x70,0x6f,0x73,0x2e,0x79,
    0x20,0x2a,0x20,0x5f,0x32,0x37,0x2e,0x70,0x6f,0x73,0x74,0x5f,0x70,0x61,0x72,0x61,
    0x6d,0x73,0x2e,0x78,0x2c,0x20,0x30,0x2e,0x30,0x2c,0x20,0x31,0x2e,0x30,0x29,0x3b,
    0x0a,0x20,0x20,0x20,0x20,0x6f,0x75,0x74,0x2e,0x65,0x66,0x78,0x5f,0x75,0x76,0x20,
    0x3d,0x20,0x69,0x6e,0x2e,0x61,0x5f,0x75,0x76,0x3b,0x0a,0x20,0x20,0x20,0x20,0x72,
    0x65,0x74,0x75,0x72,0x6e,0x20,0x6f,0x75,0x74,0x3b,0x0a,0x7d,0x0a,0x0a,0x00,
};
/*
    #include <metal_stdlib>
    #include <simd/simd.h>

    using namespace metal;

    struct post_color_params
    {
        float4 color_params;
        float4 tint;
    };

    struct main0_out
    {
        float4 frag_color [[color(0)]];
    };

    struct main0_in
    {
        float2 efx_uv [[user(locn0)]];
    };

    fragment main0_out main0(main0_in in [[stage_in]], constant post_color_params& _33 [[buffer(1)]], texture2d<float> post_color_src [[texture(0)]], sampler post_color_smp [[sampler(0)]])
    {
        main0_out out = {};
        float4 _24 = post_color_src.sample(post_color_smp, in.efx_uv);
        float3 _29 = _24.xyz;
        float3 _51 = (((_29 * _33.color_params.x) - float3(0.5)) * _33.color_params.y) + float3(0.5);
        out.frag_color = float4(mix(_29, fast::clamp(mix(float3(dot(_51, float3(0.2125999927520751953125, 0.715200006961822509765625, 0.072200000286102294921875))), _51, float3(_33.color_params.z)) * _33.tint.xyz, float3(0.0), float3(1.0)), float3(_33.color_params.w)), _24.w);
        return out;
    }

*/
static const uint8_t post_color_fs_source_metal_macos[957] = {
    0x23,0x69,0x6e,0x63,0x6c,0x75,0x64,0x65,0x20,0x3c,0x6d,0x65,0x74,0x61,0x6c,0x5f,
    0x73,0x74,0x64,0x6c,0x69,0x62,0x3e,0x0a,0x23,0x69,0x6e,0x63,0x6c,0x75,0x64,0x65,
    0x20,0x3c,0x73,0x69,0x6d,0x64,0x2f,0x73,0x69,0x6d,0x64,0x2e,0x68,0x3e,0x0a,0x0a,
    0x75,0x73,0x69,0x6e,0x67,0x20,0x6e,0x61,0x6d,0x65,0x73,0x70,0x61,0x63,0x65,0x20,
    0x6d,0x65,0x74,0x61,0x6c,0x3b,0x0a,0x0a,0x73,0x74,0x72,0x75,0x63,0x74,0x20,0x70,
    0x6f,0x73,0x74,0x5f,0x63,0x6f,0x6c,0x6f,0x72,0x5f,0x70,0x61,0x72,0x61,0x6d,0x73,
    0x0a,0x7b,0x0a,0x20,0x20,0x20,0x20,0x66,0x6c,0x6f,0x61,0x74,0x34,0x20,0x63,0x6f,
    0x6c,0x6f,0x72,0x5f,0x70,0x61,0x72,0x61,0x6d,0x73,0x3b,0x0a,0x20,0x20,0x20,0x20,
    0x66,0x6c,0x6f,0x61,0x74,0x34,0x20,0x74,0x69,0x6e,0x74,0x3b,0x0a,0x7d,0x3b,0x0a,
    0x0a,0x73,0x74,0x72,0x75,0x63,0x74,0x20,0x6d,0x61,0x69,0x6e,0x30,0x5f,0x6f,0x75,
    0x74,0x0a,0x7b,0x0a,0x20,0x20,0x20,0x20,0x66,0x6c,0x6f,0x61,0x74,0x34,0x20,0x66,
    0x72,0x61,0x67,0x5f,0x63,0x6f,0x6c,0x6f,0x72,0x20,0x5b,0x5b,0x63,0x6f,0x6c,0x6f,
    0x72,0x28,0x30,0x29,0x5d,0x5d,0x3b,0x0a,0x7d,0x3b,0x0a,0x0a,0x73,0x74,0x72,0x75,
    0x63,0x74,0x20,0x6d,0x61,0x69,0x6e,0x30,0x5f,0x69,0x6e,0x0a,0x7b,0x0a,0x20,0x20,
    0x20,0x20,0x66,0x6c,0x6f,0x61,0x74,0x32,0x20,0x65,0x66,0x78,0x5f,0x75,0x76,0x20,
    0x5b,0x5b,0x75,0x73,0x65,0x72,0x28,0x6c,0x6f,0x63,0x6e,0x30,0x29,0x5d,0x5d,0x3b,
    0x0a,0x7d,0x3b,0x0a,0x0a,0x66,0x72,0x61,0x67,0x6d,0x65,0x6e,0x74,0x20,0x6d,0x61,
    0x69,0x6e,0x30,0x5f,0x6f,0x75,0x74,0x20,0x6d,0x61,0x69,0x6e,0x30,0x28,0x6d,0x61,
    0x69,0x6e,0x30,0x5f,0x69,0x6e,0x20,0x69,0x6e,0x20,0x5b,0x5b,0x73,0x74,0x61,0x67,
    0x65,0x5f,0x69,0x6e,0x5d,0x5d,0x2c,0x20,0x63,0x6f,0x6e,0x73,0x74,0x61,0x6e,0x74,
    0x20,0x70,0x6f,0x73,0x74,0x5f,0x63,0x6f,0x6c,0x6f,0x72,0x5f,0x70,0x61,0x72,0x61,
    0x6d,0x73,0x26,0x20,0x5f,0x33,0x33,0x20,0x5b,0x5b,0x62,0x75,0x66,0x66,0x65,0x72,
    0x28,0x31,0x29,0x5d,0x5d,0x2c,0x20,0x74,0x65,0x78,0x74,0x75,0x72,0x65,0x32,0x64,
    0x3c,0x66,0x6c,0x6f,0x61,0x74,0x3e,0x20,0x70,0x6f,0x73,0x74,0x5f,0x63,0x6f,0x6c,
    0x6f,0x72,0x5f,0x73,0x72,0x63,0x20,0x5b,0x5b,0x74,0x65,0x78,0x74,0x75,0x72,0x65,
    0x28,0x30,0x29,0x5d,0x5d,0x2c,0x20,0x73,0x61,0x6d,0x70,0x6c,0x65,0x72,0x20,0x70,
    0x6f,0x73,0x74,0x5f,0x63,0x6f,0x6c,0x6f,0x72,0x5f,0x73,0x6d,0x70,0x20,0x5b,0x5b,
    0x73,0x61,0x6d,0x70,0x6c,0x65,0x72,0x28,0x30,0x29,0x5d,0x5d,0x29,0x0a,0x7b,0x0a,
    0x20,0x20,0x20,0x20,0x6d,0x61,0x69,0x6e,0x30,0x5f,0x6f,0x75,0x74,0x20,0x6f,0x75,
    0x74,0x20,0x3d,0x20,0x7b,0x7d,0x3b,0x0a,0x20,0x20,0x20,0x20,0x66,0x6c,0x6f,0x61,
    0x74,0x34,0x20,0x5f,0x32,0x34,0x20,0x3d,0x20,0x70,0x6f,0x73,0x74,0x5f,0x63,0x6f,
    0x6c,0x6f,0x72,0x5f,0x73,0x72,0x63,0x2e,0x73,0x61,0x6d,0x70,0x6c,0x65,0x28,0x70,
    0x6f,0x73,0x74,0x5f,0x63,0x6f,0x6c,0x6f,0x72,0x5f,0x73,0x6d,0x70,0x2c,0x20,0x69,
    0x6e,0x2e,0x65,0x66,0x78,0x5f,0x75,0x76,0x29,0x3b,0x0a,0x20,0x20,0x20,0x20,0x66,
    0x6c,0x6f,0x61,0x74,0x33,0x20,0x5f,0x32,0x39,0x20,0x3d,0x20,0x5f,0x32,0x34,0x2e,
    0x78,0x79,0x7a,0x3b,0x0a,0x20,0x20,0x20,0x20,0x66,0x6c,0x6f,0x61,0x74,0x33,0x20,
    0x5f,0x35,0x31,0x20,0x3d,0x20,0x28,0x28,0x28,0x5f,0x32,0x39,0x20,0x2a,0x20,0x5f,
    0x33,0x33,0x2e,0x63,0x6f,0x6c,0x6f,0x72,0x5f,0x70,0x61,0x72,0x61,0x6d,0x73,0x2e,
    0x78,0x29,0x20,0x2d,0x20,0x66,0x6c,0x6f,0x61,0x74,0x33,0x28,0x30,0x2e,0x35,0x29,
    0x29,0x20,0x2a,0x20,0x5f,0x33,0x33,0x2e,0x63,0x6f,0x6c,0x6f,0x72,0x5f,0x70,0x61,
    0x72,0x61,0x6d,0x73,0x2e,0x79,0x29,0x20,0x2b,0x20,0x66,0x6c,0x6f,0x61,0x74,0x33,
    0x28,0x30,0x2e,0x35,0x29,0x3b,0x0a,0x20,0x20,0x20,0x20,0x6f,0x75,0x74,0x2e,0x66,
    0x72,0x61,0x67,0x5f,0x63,0x6f,0x6c,0x6f,0x72,0x20,0x3d,0x20,0x66,0x6c,0x6f,0x61,
    0x74,0x34,0x28,0x6d,0x69,0x78,0x28,0x5f,0x32,0x39,0x2c,0x20,0x66,0x61,0x73,0x74,
    0x3a,0x3a,0x63,0x6c,0x61,0x6d,0x70,0x28,0x6d,0x69,0x78,0x28,0x66,0x6c,0x6f,0x61,
    0x74,0x33,0x28,0x64,0x6f,0x74,0x28,0x5f,0x35,0x31,0x2c,0x20,0x66,0x6c,0x6f,0x61,
    0x74,0x33,0x28,0x30,0x2e,0x32,0x31,0x32,0x35,0x39,0x39,0x39,0x39,0x32,0x37,0x35,
    0x32,0x30,0x37,0x35,0x31,0x39,0x35,0x33,0x31,0x32,0x35,0x2c,0x20,0x30,0x2e,0x37,
    0x31,0x35,0x32,0x30,0x30,0x30,0x30,0x36,0x39,0x36,0x31,0x38,0x32,0x32,0x35,0x30,
    0x39,0x37,0x36,0x35,0x36,0x32,0x35,0x2c,0x20,0x30,0x2e,0x30,0x37,0x32,0x32,0x30,
    0x30,0x30,0x30,0x30,0x32,0x38,0x36,0x31,0x30,0x32,0x32,0x39,0x34,0x39,0x32,0x31,
    0x38,0x37,0x35,0x29,0x29,0x29,0x2c,0x20,0x5f,0x35,0x31,0x2c,0x20,0x66,0x6c,0x6f,
    0x61,0x74,0x33,0x28,0x5f,0x33,0x33,0x2e,0x63,0x6f,0x6c,0x6f,0x72,0x5f,0x70,0x61,
    0x72,0x61,0x6d,0x73,0x2e,0x7a,0x29,0x29,0x20,0x2a,0x20,0x5f,0x33,0x33,0x2e,0x74,
    0x69,0x6e,0x74,0x2e,0x78,0x79,0x7a,0x2c,0x20,0x66,0x6c,0x6f,0x61,0x74,0x33,0x28,
    0x30,0x2e,0x30,0x29,0x2c,0x20,0x66,0x6c,0x6f,0x61,0x74,0x33,0x28,0x31,0x2e,0x30,
    0x29,0x29,0x2c,0x20,0x66,0x6c,0x6f,0x61,0x74,0x33,0x28,0x5f,0x33,0x33,0x2e,0x63,
    0x6f,0x6c,0x6f,0x72,0x5f,0x70,0x61,0x72,0x61,0x6d,0x73,0x2e,0x77,0x29,0x29,0x2c,
    0x20,0x5f,0x32,0x34,0x2e,0x77,0x29,0x3b,0x0a,0x20,0x20,0x20,0x20,0x72,0x65,0x74,
    0x75,0x72,0x6e,0x20,0x6f,0x75,0x74,0x3b,0x0a,0x7d,0x0a,0x0a,0x00,
};
/*
    #include <metal_stdlib>
    #include <simd/simd.h>

    using namespace metal;

    struct post_blur_params
    {
        float4 blur_dir;
    };

    struct main0_out
    {
        float4 frag_color [[color(0)]];
    };

    struct main0_in
    {
        float2 efx_uv [[user(locn0)]];
    };

    fragment main0_out main0(main0_in in [[stage_in]], constant post_blur_params& _60 [[buffer(1)]], texture2d<float> post_blur_src [[texture(0)]], sampler post_blur_smp [[sampler(0)]])
    {
        main0_out out = {};
        float4 acc = post_blur_src.sample(post_blur_smp, in.efx_uv);
        float wsum = 1.0;
        for (int i = 1; i <= 4; i++)
        {
            float _43 = float(i);
            float _53 = exp((_43 * (-0.25)) * (_43 * 0.5));
            float2 _67 = _60.blur_dir.xy * _43;
            acc = (acc + (post_blur_src.sample(post_blur_smp, (in.efx_uv + _67)) * _53)) + (post_blur_src.sample(post_blur_smp, (in.efx_uv - _67)) * _53);
            wsum += (2.0 * _53);
        }
        out.frag_color = acc / float4(wsum);
        return out;
    }

*/
static const uint8_t post_blur_fs_source_metal_macos[950] = {
    0x23,0x69,0x6e,0x63,0x6c,0x75,0x64,0x65,0x20,0x3c,0x6d,0x65,0x74,0x61,0x6c,0x5f,
    0x73,0x74,0x64,0x6c,0x69,0x62,0x3e,0x0a,0x23,0x69,0x6e,0x63,0x6c,0x75,0x64,0x65,
    0x20,0x3c,0x73,0x69,0x6d,0x64,0x2f,0x73,0x69,0x6d,0x64,0x2e,0x68,0x3e,0x0a,0x0a,
    0x75,0x73,0x69,0x6e,0x67,0x20,0x6e,0x61,0x6d,0x65,0x73,0x70,0x61,0x63,0x65,0x20,
    0x6d,0x65,0x74,0x61,0x6c,0x3b,0x0a,0x0a,0x73,0x74,0x72,0x75,0x63,0x74,0x20,0x70,
    0x6f,0x73,0x74,0x5f,0x62,0x6c,0x75,0x72,0x5f,0x70,0x61,0x72,0x61,0x6d,0x73,0x0a,
    0x7b,0x0a,0x20,0x20,0x20,0x20,0x66,0x6c,0x6f,0x61,0x74,0x34,0x20,0x62,0x6c,0x75,
    0x72,0x5f,0x64,0x69,0x72,0x3b,0x0a,0x7d,0x3b,0x0a,0x0a,0x73,0x74,0x72,0x75,0x63,
    0x74,0x20,0x6d,0x61,0x69,0x6e,0x30,0x5f,0x6f,0x75,0x74,0x0a,0x7b,0x0a,0x20,0x20,
    0x20,0x20,0x66,0x6c,0x6f,0x61,0x74,0x34,0x20,0x66,0x72,0x61,0x67,0x5f,0x63,0x6f,
    0x6c,0x6f,0x72,0x20,0x5b,0x5b,0x63,0x6f,0x6c,0x6f,0x72,0x28,0x30,0x29,0x5d,0x5d,
    0x3b,0x0a,0x7d,0x3b,0x0a,0x0a,0x73,0x74,0x72,0x75,0x63,0x74,0x20,0x6d,0x61,0x69,
    0x6e,0x30,0x5f,0x69,0x6e,0x0a,0x7b,0x0a,0x20,0x20,0x20,0x20,0x66,0x6c,0x6f,0x61,
    0x74,0x32,0x20,0x65,0x66,0x78,0x5f,0x75,0x76,0x20,0x5b,0x5b,0x75,0x73,0x65,0x72,
    0x28,0x6c,0x6f,0x63,0x6e,0x30,0x29,0x5d,0x5d,0x3b,0x0a,0x7d,0x3b,0x0a,0x0a,0x66,
    0x72,0x61,0x67,0x6d,0x65,0x6e,0x74,0x20,0x6d,0x61,0x69,0x6e,0x30,0x5f,0x6f,0x75,
    0x74,0x20,0x6d,0x61,0x69,0x6e,0x30,0x28,0x6d,0x61,0x69,0x6e,0x30,0x5f,0x69,0x6e,
    0x20,0x69,0x6e,0x20,0x5b,0x5b,0x73,0x74,0x61,0x67,0x65,0x5f,0x69,0x6e,0x5d,0x5d,
    0x2c,0x20,0x63,0x6f,0x6e,0x73,0x74,0x61,0x6e,0x74,0x20,0x70,0x6f,0x73,0x74,0x5f,
    0x62,0x6c,0x75,0x72,0x5f,0x70,0x61,0x72,0x61,0x6d,0x73,0x26,0x20,0x5f,0x36,0x30,
    0x20,0x5b,0x5b,0x62,0x75,0x66,0x66,0x65,0x72,0x28,0x31,0x29,0x5d,0x5d,0x2c,0x20,
    0x74,0x65,0x78,0x74,0x75,0x72,0x65,0x32,0x64,0x3c,0x66,0x6c,0x6f,0x61,0x74,0x3e,
    0x20,0x70,0x6f,0x73,0x74,0x5f,0x62,0x6c,0x75,0x72,0x5f,0x73,0x72,0x63,0x20,0x5b,
    0x5b,0x74,0x65,0x78,0x74,0x75,0x72,0x65,0x28,0x30,0x29,0x5d,0x5d,0x2c,0x20,0x73,
    0x61,0x6d,0x70,0x6c,0x65,0x72,0x20,0x70,0x6f,0x73,0x74,0x5f,0x62,0x6c,0x75,0x72,
    0x5f,0x73,0x6d,0x70,0x20,0x5b,0x5b,0x73,0x61,0x6d,0x70,0x6c,0x65,0x72,0x28,0x30,
    0x29,0x5d,0x5d,0x29,0x0a,0x7b,0x0a,0x20,0x20,0x20,0x20,0x6d,0x61,0x69,0x6e,0x30,
    0x5f,0x6f,0x75,0x74,0x20,0x6f,0x75,0x74,0x20,0x3d,0x20,0x7b,0x7d,0x3b,0x0a,0x20,
    0x20,0x20,0x20,0x66,0x6c,0x6f,0x61,0x74,0x34,0x20,0x61,0x63,0x63,0x20,0x3d,0x20,
    0x70,0x6f,0x73,0x74,0x5f,0x62,0x6c,0x75,0x72,0x5f,0x73,0x72,0x63,0x2e,0x73,0x61,
    0x6d,0x70,0x6c,0x65,0x28,0x70,0x6f,0x73,0x74,0x5f,0x62,0x6c,0x75,0x72,0x5f,0x73,
    0x6d,0x70,0x2c,0x20,0x69,0x6e,0x2e,0x65,0x66,0x78,0x5f,0x75,0x76,0x29,0x3b,0x0a,
    0x20,0x20,0x20,0x20,0x66,0x6c,0x6f,0x61,0x74,0x20,0x77,0x73,0x75,0x6d,0x20,0x3d,
    0x20,0x31,0x2e,0x30,0x3b,0x0a,0x20,0x20,0x20,0x20,0x66,0x6f,0x72,0x20,0x28,0x69,
    0x6e,0x74,0x20,0x69,0x20,0x3d,0x20,0x31,0x3b,0x20,0x69,0x20,0x3c,0x3d,0x20,0x34,
    0x3b,0x20,0x69,0x2b,0x2b,0x29,0x0a,0x20,0x20,0x20,0x20,0x7b,0x0a,0x20,0x20,0x20,
    0x20,0x20,0x20,0x20,0x20,0x66,0x6c,0x6f,0x61,0x74,0x20,0x5f,0x34,0x33,0x20,0x3d,
    0x20,0x66,0x6c,0x6f,0x61,0x74,0x28,0x69,0x29,0x3b,0x0a,0x20,0x20,0x20,0x20,0x20,
    0x20,0x20,0x20,0x66,0x6c,0x6f,0x61,0x74,0x20,0x5f,0x35,0x33,0x20,0x3d,0x20,0x65,
    0x78,0x70,0x28,0x28,0x5f,0x34,0x33,0x20,0x2a,0x20,0x28,0x2d,0x30,0x2e,0x32,0x35,
    0x29,0x29,0x20,0x2a,0x20,0x28,0x5f,0x34,0x33,0x20,0x2a,0x20,0x30,0x2e,0x35,0x29,
    0x29,0x3b,0x0a,0x20,0x20,0x20,0x20,0x20,0x20,0x20,0x20,0x66,0x6c,0x6f,0x61,0x74,
    0x32,0x20,0x5f,0x36,0x37,0x20,0x3d,0x20,0x5f,0x36,0x30,0x2e,0x62,0x6c,0x75,0x72,
    0x5f,0x64,0x69,0x72,0x2e,0x78,0x79,0x20,0x2a,0x20,0x5f,0x34,0x33,0x3b,0x0a,0x20,
    0x20,0x20,0x20,0x20,0x20,0x20,0x20,0x61,0x63,0x63,0x20,0x3d,0x20,0x28,0x61,0x63,
    0x63,0x20,0x2b,0x20,0x28,0x70,0x6f,0x73,0x74,0x5f,0x62,0x6c,0x75,0x72,0x5f,0x73,
    0x72,0x63,0x2e,0x73,0x61,0x6d,0x70,0x6c,0x65,0x28,0x70,0x6f,0x73,0x74,0x5f,0x62,
    0x6c,0x75,0x72,0x5f,0x73,0x6d,0x70,0x2c,0x20,0x28,0x69,0x6e,0x2e,0x65,0x66,0x78,
    0x5f,0x75,0x76,0x20,0x2b,0x20,0x5f,0x36,0x37,0x29,0x29,0x20,0x2a,0x20,0x5f,0x35,
    0x33,0x29,0x29,0x20,0x2b,0x20,0x28,0x70,0x6f,0x73,0x74,0x5f,0x62,0x6c,0x75,0x72,
    0x5f,0x73,0x72,0x63,0x2e,0x73,0x61,0x6d,0x70,0x6c,0x65,0x28,0x70,0x6f,0x73,0x74,
    0x5f,0x62,0x6c,0x75,0x72,0x5f,0x73,0x6d,0x70,0x2c,0x20,0x28,0x69,0x6e,0x2e,0x65,
    0x66,0x78,0x5f,0x75,0x76,0x20,0x2d,0x20,0x5f,0x36,0x37,0x29,0x29,0x20,0x2a,0x20,
    0x5f,0x35,0x33,0x29,0x3b,0x0a,0x20,0x20,0x20,0x20,0x20,0x20,0x20,0x20,0x77,0x73,
    0x75,0x6d,0x20,0x2b,0x3d,0x20,0x28,0x32,0x2e,0x30,0x20,0x2a,0x20,0x5f,0x35,0x33,
    0x29,0x3b,0x0a,0x20,0x20,0x20,0x20,0x7d,0x0a,0x20,0x20,0x20,0x20,0x6f,0x75,0x74,
    0x2e,0x66,0x72,0x61,0x67,0x5f,0x63,0x6f,0x6c,0x6f,0x72,0x20,0x3d,0x20,0x61,0x63,
    0x63,0x20,0x2f,0x20,0x66,0x6c,0x6f,0x61,0x74,0x34,0x28,0x77,0x73,0x75,0x6d,0x29,
    0x3b,0x0a,0x20,0x20,0x20,0x20,0x72,0x65,0x74,0x75,0x72,0x6e,0x20,0x6f,0x75,0x74,
    0x3b,0x0a,0x7d,0x0a,0x0a,0x00,
};
/*
    #include <metal_stdlib>
    #include <simd/simd.h>

    using namespace metal;

    struct post_bright_params
    {
        float4 bright_params;
    };

    struct main0_out
    {
        float4 frag_color [[color(0)]];
    };

    struct main0_in
    {
        float2 efx_uv [[user(locn0)]];
    };

    fragment main0_out main0(main0_in in [[stage_in]], constant post_bright_params& _39 [[buffer(1)]], texture2d<float> post_bright_src [[texture(0)]], sampler post_bright_smp [[sampler(0)]])
    {
        main0_out out = {};
        float4 _24 = post_bright_src.sample(post_bright_smp, in.efx_uv);
        float3 _29 = _24.xyz;
        float _34 = dot(_29, float3(0.2125999927520751953125, 0.715200006961822509765625, 0.072200000286102294921875));
        float _51 = (_34 > _39.bright_params.x) ? _34 : 0.0;
        float _55;
        if (_51 > 0.0)
        {
            _55 = (_51 - _39.bright_params.x) / _51;
        }
        else
        {
            _55 = 0.0;
        }
        out.frag_color = float4(_29 * _55, _24.w);
        return out;
    }

*/
static const uint8_t post_bright_fs_source_metal_macos[930] = {
    0x23,0x69,0x6e,0x63,0x6c,0x75,0x64,0x65,0x20,0x3c,0x6d,0x65,0x74,0x61,0x6c,0x5f,
    0x73,0x74,0x64,0x6c,0x69,0x62,0x3e,0x0a,0x23,0x69,0x6e,0x63,0x6c,0x75,0x64,0x65,
    0x20,0x3c,0x73,0x69,0x6d,0x64,0x2f,0x73,0x69,0x6d,0x64,0x2e,0x68,0x3e,0x0a,0x0a,
    0x75,0x73,0x69,0x6e,0x67,0x20,0x6e,0x61,0x6d,0x65,0x73,0x70,0x61,0x63,0x65,0x20,
    0x6d,0x65,0x74,0x61,0x6c,0x3b,0x0a,0x0a,0x73,0x74,0x72,0x75,0x63,0x74,0x20,0x70,
    0x6f,0x73,0x74,0x5f,0x62,0x72,0x69,0x67,0x68,0x74,0x5f,0x70,0x61,0x72,0x61,0x6d,
    0x73,0x0a,0x7b,0x0a,0x20,0x20,0x20,0x20,0x66,0x6c,0x6f,0x61,0x74,0x34,0x20,0x62,
    0x72,0x69,0x67,0x68,0x74,0x5f,0x70,0x61,0x72,0x61,0x6d,0x73,0x3b,0x0a,0x7d,0x3b,
    0x0a,0x0a,0x73,0x74,0x72,0x75,0x63,0x74,0x20,0x6d,0x61,0x69,0x6e,0x30,0x5f,0x6f,
    0x75,0x74,0x0a,0x7b,0x0a,0x20,0x20,0x20,0x20,0x66,0x6c,0x6f,0x61,0x74,0x34,0x20,
    0x66,0x72,0x61,0x67,0x5f,0x63,0x6f,0x6c,0x6f,0x72,0x20,0x5b,0x5b,0x63,0x6f,0x6c,
    0x6f,0x72,0x28,0x30,0x29,0x5d,0x5d,0x3b,0x0a,0x7d,0x3b,0x0a,0x0a,0x73,0x74,0x72,
    0x75,0x63,0x74,0x20,0x6d,0x61,0x69,0x6e,0x30,0x5f,0x69,0x6e,0x0a,0x7b,0x0a,0x20,
    0x20,0x20,0x20,0x66,0x6c,0x6f,0x61,0x74,0x32,0x20,0x65,0x66,0x78,0x5f,0x75,0x76,
    0x20,0x5b,0x5b,0x75,0x73,0x65,0x72,0x28,0x6c,0x6f,0x63,0x6e,0x30,0x29,0x5d,0x5d,
    0x3b,0x0a,0x7d,0x3b,0x0a,0x0a,0x66,0x72,0x61,0x67,0x6d,0x65,0x6e,0x74,0x20,0x6d,
    0x61,0x69,0x6e,0x30,0x5f,0x6f,0x75,0x74,0x20,0x6d,0x61,0x69,0x6e,0x30,0x28,0x6d,
    0x61,0x69,0x6e,0x30,0x5f,0x69,0x6e,0x20,0x69,0x6e,0x20,0x5b,0x5b,0x73,0x74,0x61,
    0x67,0x65,0x5f,0x69,0x6e,0x5d,0x5d,0x2c,0x20,0x63,0x6f,0x6e,0x73,0x74,0x61,0x6e,
    0x74,0x20,0x70,0x6f,0x73,0x74,0x5f,0x62,0x72,0x69,0x67,0x68,0x74,0x5f,0x70,0x61,
    0x72,0x61,0x6d,0x73,0x26,0x20,0x5f,0x33,0x39,0x20,0x5b,0x5b,0x62,0x75,0x66,0x66,
    0x65,0x72,0x28,0x31,0x29,0x5d,0x5d,0x2c,0x20,0x74,0x65,0x78,0x74,0x75,0x72,0x65,
    0x32,0x64,0x3c,0x66,0x6c,0x6f,0x61,0x74,0x3e,0x20,0x70,0x6f,0x73,0x74,0x5f,0x62,
    0x72,0x69,0x67,0x68,0x74,0x5f,0x73,0x72,0x63,0x20,0x5b,0x5b,0x74,0x65,0x78,0x74,
    0x75,0x72,0x65,0x28,0x30,0x29,0x5d,0x5d,0x2c,0x20,0x73,0x61,0x6d,0x70,0x6c,0x65,
    0x72,0x20,0x70,0x6f,0x73,0x74,0x5f,0x62,0x72,0x69,0x67,0x68,0x74,0x5f,0x73,0x6d,
    0x70,0x20,0x5b,0x5b,0x73,0x61,0x6d,0x70,0x6c,0x65,0x72,0x28,0x30,0x29,0x5d,0x5d,
    0x29,0x0a,0x7b,0x0a,0x20,0x20,0x20,0x20,0x6d,0x61,0x69,0x6e,0x30,0x5f,0x6f,0x75,
    0x74,0x20,0x6f,0x75,0x74,0x20,0x3d,0x20,0x7b,0x7d,0x3b,0x0a,0x20,0x20,0x20,0x20,
    0x66,0x6c,0x6f,0x61,0x74,0x34,0x20,0x5f,0x32,0x34,0x20,0x3d,0x20,0x70,0x6f,0x73,
    0x74,0x5f,0x62,0x72,0x69,0x67,0x68,0x74,0x5f,0x73,0x72,0x63,0x2e,0x73,0x61,0x6d,
    0x70,0x6c,0x65,0x28,0x70,0x6f,0x73,0x74,0x5f,0x62,0x72,0x69,0x67,0x68,0x74,0x5f,
    0x73,0x6d,0x70,0x2c,0x20,0x69,0x6e,0x2e,0x65,0x66,0x78,0x5f,0x75,0x76,0x29,0x3b,
    0x0a,0x20,0x20,0x20,0x20,0x66,0x6c,0x6f,0x61,0x74,0x33,0x20,0x5f,0x32,0x39,0x20,
    0x3d,0x20,0x5f,0x32,0x34,0x2e,0x78,0x79,0x7a,0x3b,0x0a,0x20,0x20,0x20,0x20,0x66,
    0x6c,0x6f,0x61,0x74,0x20,0x5f,0x33,0x34,0x20,0x3d,0x20,0x64,0x6f,0x74,0x28,0x5f,
    0x32,0x39,0x2c,0x20,0x66,0x6c,0x6f,0x61,0x74,0x33,0x28,0x30,0x2e,0x32,0x31,0x32,
    0x35,0x39,0x39,0x39,0x39,0x32,0x37,0x35,0x32,0x30,0x37,0x35,0x31,0x39,0x35,0x33,
    0x31,0x32,0x35,0x2c,0x20,0x30,0x2e,0x37,0x31,0x35,0x32,0x30,0x30,0x30,0x30,0x36,
    0x39,0x36,0x31,0x38,0x32,0x32,0x35,0x30,0x39,0x37,0x36,0x35,0x36,0x32,0x35,0x2c,
    0x20,0x30,0x2e,0x30,0x37,0x32,0x32,0x30,0x30,0x30,0x30,0x30,0x32,0x38,0x36,0x31,
    0x30,0x32,0x32,0x39,0x34,0x39,0x32,0x31,0x38,0x37,0x35,0x29,0x29,0x3b,0x0a,0x20,
    0x20,0x20,0x20,0x66,0x6c,0x6f,0x61,0x74,0x20,0x5f,0x35,0x31,0x20,0x3d,0x20,0x28,
    0x5f,0x33,0x34,0x20,0x3e,0x20,0x5f,0x33,0x39,0x2e,0x62,0x72,0x69,0x67,0x68,0x74,
    0x5f,0x70,0x61,0x72,0x61,0x6d,0x73,0x2e,0x78,0x29,0x20,0x3f,0x20,0x5f,0x33,0x34,
    0x20,0x3a,0x20,0x30,0x2e,0x30,0x3b,0x0a,0x20,0x20,0x20,0x20,0x66,0x6c,0x6f,0x61,
    0x74,0x20,0x5f,0x35,0x35,0x3b,0x0a,0x20,0x20,0x20,0x20,0x69,0x66,0x20,0x28,0x5f,
    0x35,0x31,0x20,0x3e,0x20,0x30,0x2e,0x30,0x29,0x0a,0x20,0x20,0x20,0x20,0x7b,0x0a,
    0x20,0x20,0x20,0x20,0x20,0x20,0x20,0x20,0x5f,0x35,0x35,0x20,0x3d,0x20,0x28,0x5f,
    0x35,0x31,0x20,0x2d,0x20,0x5f,0x33,0x39,0x2e,0x62,0x72,0x69,0x67,0x68,0x74,0x5f,
    0x70,0x61,0x72,0x61,0x6d,0x73,0x2e,0x78,0x29,0x20,0x2f,0x20,0x5f,0x35,0x31,0x3b,
    0x0a,0x20,0x20,0x20,0x20,0x7d,0x0a,0x20,0x20,0x20,0x20,0x65,0x6c,0x73,0x65,0x0a,
    0x20,0x20,0x20,0x20,0x7b,0x0a,0x20,0x20,0x20,0x20,0x20,0x20,0x20,0x20,0x5f,0x35,
    0x35,0x20,0x3d,0x20,0x30,0x2e,0x30,0x3b,0x0a,0x20,0x20,0x20,0x20,0x7d,0x0a,0x20,
    0x20,0x20,0x20,0x6f,0x75,0x74,0x2e,0x66,0x72,0x61,0x67,0x5f,0x63,0x6f,0x6c,0x6f,
    0x72,0x20,0x3d,0x20,0x66,0x6c,0x6f,0x61,0x74,0x34,0x28,0x5f,0x32,0x39,0x20,0x2a,
    0x20,0x5f,0x35,0x35,0x2c,0x20,0x5f,0x32,0x34,0x2e,0x77,0x29,0x3b,0x0a,0x20,0x20,
    0x20,0x20,0x72,0x65,0x74,0x75,0x72,0x6e,0x20,0x6f,0x75,0x74,0x3b,0x0a,0x7d,0x0a,
    0x0a,0x00,
};
/*
    #include <metal_stdlib>
    #include <simd/simd.h>

    using namespace metal;

    struct post_mix_params
    {
        float4 mix_params;
    };

    struct main0_out
    {
        float4 frag_color [[color(0)]];
    };

    struct main0_in
    {
        float2 efx_uv [[user(locn0)]];
    };

    fragment main0_out main0(main0_in in [[stage_in]], constant post_mix_params& _39 [[buffer(1)]], texture2d<float> post_mix_a [[texture(0)]], texture2d<float> post_mix_b [[texture(1)]], sampler post_mix_a_smp [[sampler(0)]], sampler post_mix_b_smp [[sampler(1)]])
    {
        main0_out out = {};
        out.frag_color = mix(post_mix_a.sample(post_mix_a_smp, in.efx_uv), post_mix_b.sample(post_mix_b_smp, in.efx_uv), float4(_39.mix_params.x));
        return out;
    }

*/
static const uint8_t post_mix_fs_source_metal_macos[692] = {
    0x23,0x69,0x6e,0x63,0x6c,0x75,0x64,0x65,0x20,0x3c,0x6d,0x65,0x74,0x61,0x6c,0x5f,
    0x73,0x74,0x64,0x6c,0x69,0x62,0x3e,0x0a,0x23,0x69,0x6e,0x63,0x6c,0x75,0x64,0x65,
    0x20,0x3c,0x73,0x69,0x6d,0x64,0x2f,0x73,0x69,0x6d,0x64,0x2e,0x68,0x3e,0x0a,0x0a,
    0x75,0x73,0x69,0x6e,0x67,0x20,0x6e,0x61,0x6d,0x65,0x73,0x70,0x61,0x63,0x65,0x20,
    0x6d,0x65,0x74,0x61,0x6c,0x3b,0x0a,0x0a,0x73,0x74,0x72,0x75,0x63,0x74,0x20,0x70,
    0x6f,0x73,0x74,0x5f,0x6d,0x69,0x78,0x5f,0x70,0x61,0x72,0x61,0x6d,0x73,0x0a,0x7b,
    0x0a,0x20,0x20,0x20,0x20,0x66,0x6c,0x6f,0x61,0x74,0x34,0x20,0x6d,0x69,0x78,0x5f,
    0x70,0x61,0x72,0x61,0x6d,0x73,0x3b,0x0a,0x7d,0x3b,0x0a,0x0a,0x73,0x74,0x72,0x75,
    0x63,0x74,0x20,0x6d,0x61,0x69,0x6e,0x30,0x5f,0x6f,0x75,0x74,0x0a,0x7b,0x0a,0x20,
    0x20,0x20,0x20,0x66,0x6c,0x6f,0x61,0x74,0x34,0x20,0x66,0x72,0x61,0x67,0x5f,0x63,
    0x6f,0x6c,0x6f,0x72,0x20,0x5b,0x5b,0x63,0x6f,0x6c,0x6f,0x72,0x28,0x30,0x29,0x5d,
    0x5d,0x3b,0x0a,0x7d,0x3b,0x0a,0x0a,0x73,0x74,0x72,0x75,0x63,0x74,0x20,0x6d,0x61,
    0x69,0x6e,0x30,0x5f,0x69,0x6e,0x0a,0x7b,0x0a,0x20,0x20,0x20,0x20,0x66,0x6c,0x6f,
    0x61,0x74,0x32,0x20,0x65,0x66,0x78,0x5f,0x75,0x76,0x20,0x5b,0x5b,0x75,0x73,0x65,
    0x72,0x28,0x6c,0x6f,0x63,0x6e,0x30,0x29,0x5d,0x5d,0x3b,0x0a,0x7d,0x3b,0x0a,0x0a,
    0x66,0x72,0x61,0x67,0x6d,0x65,0x6e,0x74,0x20,0x6d,0x61,0x69,0x6e,0x30,0x5f,0x6f,
    0x75,0x74,0x20,0x6d,0x61,0x69,0x6e,0x30,0x28,0x6d,0x61,0x69,0x6e,0x30,0x5f,0x69,
    0x6e,0x20,0x69,0x6e,0x20,0x5b,0x5b,0x73,0x74,0x61,0x67,0x65,0x5f,0x69,0x6e,0x5d,
    0x5d,0x2c,0x20,0x63,0x6f,0x6e,0x73,0x74,0x61,0x6e,0x74,0x20,0x70,0x6f,0x73,0x74,
    0x5f,0x6d,0x69,0x78,0x5f,0x70,0x61,0x72,0x61,0x6d,0x73,0x26,0x20,0x5f,0x33,0x39,
    0x20,0x5b,0x5b,0x62,0x75,0x66,0x66,0x65,0x72,0x28,0x31,0x29,0x5d,0x5d,0x2c,0x20,
    0x74,0x65,0x78,0x74,0x75,0x72,0x65,0x32,0x64,0x3c,0x66,0x6c,0x6f,0x61,0x74,0x3e,
    0x20,0x70,0x6f,0x73,0x74,0x5f,0x6d,0x69,0x78,0x5f,0x61,0x20,0x5b,0x5b,0x74,0x65,
    0x78,0x74,0x75,0x72,0x65,0x28,0x30,0x29,0x5d,0x5d,0x2c,0x20,0x74,0x65,0x78,0x74,
    0x75,0x72,0x65,0x32,0x64,0x3c,0x66,0x6c,0x6f,0x61,0x74,0x3e,0x20,0x70,0x6f,0x73,
    0x74,0x5f,0x6d,0x69,0x78,0x5f,0x62,0x20,0x5b,0x5b,0x74,0x65,0x78,0x74,0x75,0x72,
    0x65,0x28,0x31,0x29,0x5d,0x5d,0x2c,0x20,0x73,0x61,0x6d,0x70,0x6c,0x65,0x72,0x20,
    0x70,0x6f,0x73,0x74,0x5f,0x6d,0x69,0x78,0x5f,0x61,0x5f,0x73,0x6d,0x70,0x20,0x5b,
    0x5b,0x73,0x61,0x6d,0x70,0x6c,0x65,0x72,0x28,0x30,0x29,0x5d,0x5d,0x2c,0x20,0x73,
    0x61,0x6d,0x70,0x6c,0x65,0x72,0x20,0x70,0x6f,0x73,0x74,0x5f,0x6d,0x69,0x78,0x5f,
    0x62,0x5f,0x73,0x6d,0x70,0x20,0x5b,0x5b,0x73,0x61,0x6d,0x70,0x6c,0x65,0x72,0x28,
    0x31,0x29,0x5d,0x5d,0x29,0x0a,0x7b,0x0a,0x20,0x20,0x20,0x20,0x6d,0x61,0x69,0x6e,
    0x30,0x5f,0x6f,0x75,0x74,0x20,0x6f,0x75,0x74,0x20,0x3d,0x20,0x7b,0x7d,0x3b,0x0a,
    0x20,0x20,0x20,0x20,0x6f,0x75,0x74,0x2e,0x66,0x72,0x61,0x67,0x5f,0x63,0x6f,0x6c,
    0x6f,0x72,0x20,0x3d,0x20,0x6d,0x69,0x78,0x28,0x70,0x6f,0x73,0x74,0x5f,0x6d,0x69,
    0x78,0x5f,0x61,0x2e,0x73,0x61,0x6d,0x70,0x6c,0x65,0x28,0x70,0x6f,0x73,0x74,0x5f,
    0x6d,0x69,0x78,0x5f,0x61,0x5f,0x73,0x6d,0x70,0x2c,0x20,0x69,0x6e,0x2e,0x65,0x66,
    0x78,0x5f,0x75,0x76,0x29,0x2c,0x20,0x70,0x6f,0x73,0x74,0x5f,0x6d,0x69,0x78,0x5f,
    0x62,0x2e,0x73,0x61,0x6d,0x70,0x6c,0x65,0x28,0x70,0x6f,0x73,0x74,0x5f,0x6d,0x69,
    0x78,0x5f,0x62,0x5f,0x73,0x6d,0x70,0x2c,0x20,0x69,0x6e,0x2e,0x65,0x66,0x78,0x5f,
    0x75,0x76,0x29,0x2c,0x20,0x66,0x6c,0x6f,0x61,0x74,0x34,0x28,0x5f,0x33,0x39,0x2e,
    0x6d,0x69,0x78,0x5f,0x70,0x61,0x72,0x61,0x6d,0x73,0x2e,0x78,0x29,0x29,0x3b,0x0a,
    0x20,0x20,0x20,0x20,0x72,0x65,0x74,0x75,0x72,0x6e,0x20,0x6f,0x75,0x74,0x3b,0x0a,
    0x7d,0x0a,0x0a,0x00,
};
/*
    #include <metal_stdlib>
    #include <simd/simd.h>

    using namespace metal;

    struct post_composite_params
    {
        float4 comp_params;
    };

    struct main0_out
    {
        float4 frag_color [[color(0)]];
    };

    struct main0_in
    {
        float2 efx_uv [[user(locn0)]];
    };

    fragment main0_out main0(main0_in in [[stage_in]], constant post_composite_params& _42 [[buffer(1)]], texture2d<float> post_comp_base [[texture(0)]], texture2d<float> post_comp_add [[texture(1)]], sampler post_comp_base_smp [[sampler(0)]], sampler post_comp_add_smp [[sampler(1)]])
    {
        main0_out out = {};
        float4 _24 = post_comp_base.sample(post_comp_base_smp, in.efx_uv);
        float3 _37 = _24.xyz;
        out.frag_color = float4(mix(_37, fast::clamp(_37 + (post_comp_add.sample(post_comp_add_smp, in.efx_uv).xyz * _42.comp_params.x), float3(0.0), float3(1.0)), float3(_42.comp_params.y)), _24.w);
        return out;
    }

*/
static const uint8_t post_composite_fs_source_metal_macos[868] = {
    0x23,0x69,0x6e,0x63,0x6c,0x75,0x64,0x65,0x20,0x3c,0x6d,0x65,0x74,0x61,0x6c,0x5f,
    0x73,0x74,0x64,0x6c,0x69,0x62,0x3e,0x0a,0x23,0x69,0x6e,0x63,0x6c,0x75,0x64,0x65,
    0x20,0x3c,0x73,0x69,0x6d,0x64,0x2f,0x73,0x69,0x6d,0x64,0x2e,0x68,0x3e,0x0a,0x0a,
    0x75,0x73,0x69,0x6e,0x67,0x20,0x6e,0x61,0x6d,0x65,0x73,0x70,0x61,0x63,0x65,0x20,
    0x6d,0x65,0x74,0x61,0x6c,0x3b,0x0a,0x0a,0x73,0x74,0x72,0x75,0x63,0x74,0x20,0x70,
    0x6f,0x73,0x74,0x5f,0x63,0x6f,0x6d,0x70,0x6f,0x73,0x69,0x74,0x65,0x5f,0x70,0x61,
    0x72,0x61,0x6d,0x73,0x0a,0x7b,0x0a,0x20,0x20,0x20,0x20,0x66,0x6c,0x6f,0x61,0x74,
    0x34,0x20,0x63,0x6f,0x6d,0x70,0x5f,0x70,0x61,0x72,0x61,0x6d,0x73,0x3b,0x0a,0x7d,
    0x3b,0x0a,0x0a,0x73,0x74,0x72,0x75,0x63,0x74,0x20,0x6d,0x61,0x69,0x6e,0x30,0x5f,
    0x6f,0x75,0x74,0x0a,0x7b,0x0a,0x20,0x20,0x20,0x20,0x66,0x6c,0x6f,0x61,0x74,0x34,
    0x20,0x66,0x72,0x61,0x67,0x5f,0x63,0x6f,0x6c,0x6f,0x72,0x20,0x5b,0x5b,0x63,0x6f,
    0x6c,0x6f,0x72,0x28,0x30,0x29,0x5d,0x5d,0x3b,0x0a,0x7d,0x3b,0x0a,0x0a,0x73,0x74,
    0x72,0x75,0x63,0x74,0x20,0x6d,0x61,0x69,0x6e,0x30,0x5f,0x69,0x6e,0x0a,0x7b,0x0a,
    0x20,0x20,0x20,0x20,0x66,0x6c,0x6f,0x61,0x74,0x32,0x20,0x65,0x66,0x78,0x5f,0x75,
    0x76,0x20,0x5b,0x5b,0x75,0x73,0x65,0x72,0x28,0x6c,0x6f,0x63,0x6e,0x30,0x29,0x5d,
    0x5d,0x3b,0x0a,0x7d,0x3b,0x0a,0x0a,0x66,0x72,0x61,0x67,0x6d,0x65,0x6e,0x74,0x20,
    0x6d,0x61,0x69,0x6e,0x30,0x5f,0x6f,0x75,0x74,0x20,0x6d,0x61,0x69,0x6e,0x30,0x28,
    0x6d,0x61,0x69,0x6e,0x30,0x5f,0x69,0x6e,0x20,0x69,0x6e,0x20,0x5b,0x5b,0x73,0x74,
    0x61,0x67,0x65,0x5f,0x69,0x6e,0x5d,0x5d,0x2c,0x20,0x63,0x6f,0x6e,0x73,0x74,0x61,
    0x6e,0x74,0x20,0x70,0x6f,0x73,0x74,0x5f,0x63,0x6f,0x6d,0x70,0x6f,0x73,0x69,0x74,
    0x65,0x5f,0x70,0x61,0x72,0x61,0x6d,0x73,0x26,0x20,0x5f,0x34,0x32,0x20,0x5b,0x5b,
    0x62,0x75,0x66,0x66,0x65,0x72,0x28,0x31,0x29,0x5d,0x5d,0x2c,0x20,0x74,0x65,0x78,
    0x74,0x75,0x72,0x65,0x32,0x64,0x3c,0x66,0x6c,0x6f,0x61,0x74,0x3e,0x20,0x70,0x6f,
    0x73,0x74,0x5f,0x63,0x6f,0x6d,0x70,0x5f,0x62,0x61,0x73,0x65,0x20,0x5b,0x5b,0x74,
    0x65,0x78,0x74,0x75,0x72,0x65,0x28,0x30,0x29,0x5d,0x5d,0x2c,0x20,0x74,0x65,0x78,
    0x74,0x75,0x72,0x65,0x32,0x64,0x3c,0x66,0x6c,0x6f,0x61,0x74,0x3e,0x20,0x70,0x6f,
    0x73,0x74,0x5f,0x63,0x6f,0x6d,0x70,0x5f,0x61,0x64,0x64,0x20,0x5b,0x5b,0x74,0x65,
    0x78,0x74,0x75,0x72,0x65,0x28,0x31,0x29,0x5d,0x5d,0x2c,0x20,0x73,0x61,0x6d,0x70,
    0x6c,0x65,0x72,0x20,0x70,0x6f,0x73,0x74,0x5f,0x63,0x6f,0x6d,0x70,0x5f,0x62,0x61,
    0x73,0x65,0x5f,0x73,0x6d,0x70,0x20,0x5b,0x5b,0x73,0x61,0x6d,0x70,0x6c,0x65,0x72,
    0x28,0x30,0x29,0x5d,0x5d,0x2c,0x20,0x73,0x61,0x6d,0x70,0x6c,0x65,0x72,0x20,0x70,
    0x6f,0x73,0x74,0x5f,0x63,0x6f,0x6d,0x70,0x5f,0x61,0x64,0x64,0x5f,0x73,0x6d,0x70,
    0x20,0x5b,0x5b,0x73,0x61,0x6d,0x70,0x6c,0x65,0x72,0x28,0x31,0x29,0x5d,0x5d,0x29,
    0x0a,0x7b,0x0a,0x20,0x20,0x20,0x20,0x6d,0x61,0x69,0x6e,0x30,0x5f,0x6f,0x75,0x74,
    0x20,0x6f,0x75,0x74,0x20,0x3d,0x20,0x7b,0x7d,0x3b,0x0a,0x20,0x20,0x20,0x20,0x66,
    0x6c,0x6f,0x61,0x74,0x34,0x20,0x5f,0x32,0x34,0x20,0x3d,0x20,0x70,0x6f,0x73,0x74,
    0x5f,0x63,0x6f,0x6d,0x70,0x5f,0x62,0x61,0x73,0x65,0x2e,0x73,0x61,0x6d,0x70,0x6c,
    0x65,0x28,0x70,0x6f,0x73,0x74,0x5f,0x63,0x6f,0x6d,0x70,0x5f,0x62,0x61,0x73,0x65,
    0x5f,0x73,0x6d,0x70,0x2c,0x20,0x69,0x6e,0x2e,0x65,0x66,0x78,0x5f,0x75,0x76,0x29,
    0x3b,0x0a,0x20,0x20,0x20,0x20,0x66,0x6c,0x6f,0x61,0x74,0x33,0x20,0x5f,0x33,0x37,
    0x20,0x3d,0x20,0x5f,0x32,0x34,0x2e,0x78,0x79,0x7a,0x3b,0x0a,0x20,0x20,0x20,0x20,
    0x6f,0x75,0x74,0x2e,0x66,0x72,0x61,0x67,0x5f,0x63,0x6f,0x6c,0x6f,0x72,0x20,0x3d,
    0x20,0x66,0x6c,0x6f,0x61,0x74,0x34,0x28,0x6d,0x69,0x78,0x28,0x5f,0x33,0x37,0x2c,
    0x20,0x66,0x61,0x73,0x74,0x3a,0x3a,0x63,0x6c,0x61,0x6d,0x70,0x28,0x5f,0x33,0x37,
    0x20,0x2b,0x20,0x28,0x70,0x6f,0x73,0x74,0x5f,0x63,0x6f,0x6d,0x70,0x5f,0x61,0x64,
    0x64,0x2e,0x73,0x61,0x6d,0x70,0x6c,0x65,0x28,0x70,0x6f,0x73,0x74,0x5f,0x63,0x6f,
    0x6d,0x70,0x5f,0x61,0x64,0x64,0x5f,0x73,0x6d,0x70,0x2c,0x20,0x69,0x6e,0x2e,0x65,
    0x66,0x78,0x5f,0x75,0x76,0x29,0x2e,0x78,0x79,0x7a,0x20,0x2a,0x20,0x5f,0x34,0x32,
    0x2e,0x63,0x6f,0x6d,0x70,0x5f,0x70,0x61,0x72,0x61,0x6d,0x73,0x2e,0x78,0x29,0x2c,
    0x20,0x66,0x6c,0x6f,0x61,0x74,0x33,0x28,0x30,0x2e,0x30,0x29,0x2c,0x20,0x66,0x6c,
    0x6f,0x61,0x74,0x33,0x28,0x31,0x2e,0x30,0x29,0x29,0x2c,0x20,0x66,0x6c,0x6f,0x61,
    0x74,0x33,0x28,0x5f,0x34,0x32,0x2e,0x63,0x6f,0x6d,0x70,0x5f,0x70,0x61,0x72,0x61,
    0x6d,0x73,0x2e,0x79,0x29,0x29,0x2c,0x20,0x5f,0x32,0x34,0x2e,0x77,0x29,0x3b,0x0a,
    0x20,0x20,0x20,0x20,0x72,0x65,0x74,0x75,0x72,0x6e,0x20,0x6f,0x75,0x74,0x3b,0x0a,
    0x7d,0x0a,0x0a,0x00,
};
/*
    #include <metal_stdlib>
    #include <simd/simd.h>

    using namespace metal;

    struct main0_out
    {
        float4 frag_color [[color(0)]];
    };

    struct main0_in
    {
        float2 efx_uv [[user(locn0)]];
    };

    fragment main0_out main0(main0_in in [[stage_in]], texture2d<float> post_copy_src [[texture(0)]], sampler post_copy_smp [[sampler(0)]])
    {
        main0_out out = {};
        out.frag_color = post_copy_src.sample(post_copy_smp, in.efx_uv);
        return out;
    }

*/
static const uint8_t post_copy_fs_source_metal_macos[439] = {
    0x23,0x69,0x6e,0x63,0x6c,0x75,0x64,0x65,0x20,0x3c,0x6d,0x65,0x74,0x61,0x6c,0x5f,
    0x73,0x74,0x64,0x6c,0x69,0x62,0x3e,0x0a,0x23,0x69,0x6e,0x63,0x6c,0x75,0x64,0x65,
    0x20,0x3c,0x73,0x69,0x6d,0x64,0x2f,0x73,0x69,0x6d,0x64,0x2e,0x68,0x3e,0x0a,0x0a,
    0x75,0x73,0x69,0x6e,0x67,0x20,0x6e,0x61,0x6d,0x65,0x73,0x70,0x61,0x63,0x65,0x20,
    0x6d,0x65,0x74,0x61,0x6c,0x3b,0x0a,0x0a,0x73,0x74,0x72,0x75,0x63,0x74,0x20,0x6d,
    0x61,0x69,0x6e,0x30,0x5f,0x6f,0x75,0x74,0x0a,0x7b,0x0a,0x20,0x20,0x20,0x20,0x66,
    0x6c,0x6f,0x61,0x74,0x34,0x20,0x66,0x72,0x61,0x67,0x5f,0x63,0x6f,0x6c,0x6f,0x72,
    0x20,0x5b,0x5b,0x63,0x6f,0x6c,0x6f,0x72,0x28,0x30,0x29,0x5d,0x5d,0x3b,0x0a,0x7d,
    0x3b,0x0a,0x0a,0x73,0x74,0x72,0x75,0x63,0x74,0x20,0x6d,0x61,0x69,0x6e,0x30,0x5f,
    0x69,0x6e,0x0a,0x7b,0x0a,0x20,0x20,0x20,0x20,0x66,0x6c,0x6f,0x61,0x74,0x32,0x20,
    0x65,0x66,0x78,0x5f,0x75,0x76,0x20,0x5b,0x5b,0x75,0x73,0x65,0x72,0x28,0x6c,0x6f,
    0x63,0x6e,0x30,0x29,0x5d,0x5d,0x3b,0x0a,0x7d,0x3b,0x0a,0x0a,0x66,0x72,0x61,0x67,
    0x6d,0x65,0x6e,0x74,0x20,0x6d,0x61,0x69,0x6e,0x30,0x5f,0x6f,0x75,0x74,0x20,0x6d,
    0x61,0x69,0x6e,0x30,0x28,0x6d,0x61,0x69,0x6e,0x30,0x5f,0x69,0x6e,0x20,0x69,0x6e,
    0x20,0x5b,0x5b,0x73,0x74,0x61,0x67,0x65,0x5f,0x69,0x6e,0x5d,0x5d,0x2c,0x20,0x74,
    0x65,0x78,0x74,0x75,0x72,0x65,0x32,0x64,0x3c,0x66,0x6c,0x6f,0x61,0x74,0x3e,0x20,
    0x70,0x6f,0x73,0x74,0x5f,0x63,0x6f,0x70,0x79,0x5f,0x73,0x72,0x63,0x20,0x5b,0x5b,
    0x74,0x65,0x78,0x74,0x75,0x72,0x65,0x28,0x30,0x29,0x5d,0x5d,0x2c,0x20,0x73,0x61,
    0x6d,0x70,0x6c,0x65,0x72,0x20,0x70,0x6f,0x73,0x74,0x5f,0x63,0x6f,0x70,0x79,0x5f,
    0x73,0x6d,0x70,0x20,0x5b,0x5b,0x73,0x61,0x6d,0x70,0x6c,0x65,0x72,0x28,0x30,0x29,
    0x5d,0x5d,0x29,0x0a,0x7b,0x0a,0x20,0x20,0x20,0x20,0x6d,0x61,0x69,0x6e,0x30,0x5f,
    0x6f,0x75,0x74,0x20,0x6f,0x75,0x74,0x20,0x3d,0x20,0x7b,0x7d,0x3b,0x0a,0x20,0x20,
    0x20,0x20,0x6f,0x75,0x74,0x2e,0x66,0x72,0x61,0x67,0x5f,0x63,0x6f,0x6c,0x6f,0x72,
    0x20,0x3d,0x20,0x70,0x6f,0x73,0x74,0x5f,0x63,0x6f,0x70,0x79,0x5f,0x73,0x72,0x63,
    0x2e,0x73,0x61,0x6d,0x70,0x6c,0x65,0x28,0x70,0x6f,0x73,0x74,0x5f,0x63,0x6f,0x70,
    0x79,0x5f,0x73,0x6d,0x70,0x2c,0x20,0x69,0x6e,0x2e,0x65,0x66,0x78,0x5f,0x75,0x76,
    0x29,0x3b,0x0a,0x20,0x20,0x20,0x20,0x72,0x65,0x74,0x75,0x72,0x6e,0x20,0x6f,0x75,
    0x74,0x3b,0x0a,0x7d,0x0a,0x0a,0x00,
};
const sg_shader_desc* post_blur_shader_desc(sg_backend backend) {
    if (backend == SG_BACKEND_GLCORE) {
        static sg_shader_desc desc;
        static bool valid;
        if (!valid) {
            valid = true;
            desc.vertex_func.source = (const char*)post_vs_source_glsl410;
            desc.vertex_func.entry = "main";
            desc.fragment_func.source = (const char*)post_blur_fs_source_glsl410;
            desc.fragment_func.entry = "main";
            desc.attrs[0].base_type = SG_SHADERATTRBASETYPE_FLOAT;
            desc.attrs[0].glsl_name = "a_pos";
            desc.attrs[1].base_type = SG_SHADERATTRBASETYPE_FLOAT;
            desc.attrs[1].glsl_name = "a_uv";
            desc.uniform_blocks[0].stage = SG_SHADERSTAGE_VERTEX;
            desc.uniform_blocks[0].layout = SG_UNIFORMLAYOUT_STD140;
            desc.uniform_blocks[0].size = 16;
            desc.uniform_blocks[0].glsl_uniforms[0].type = SG_UNIFORMTYPE_FLOAT4;
            desc.uniform_blocks[0].glsl_uniforms[0].array_count = 1;
            desc.uniform_blocks[0].glsl_uniforms[0].glsl_name = "post_vs_params";
            desc.uniform_blocks[1].stage = SG_SHADERSTAGE_FRAGMENT;
            desc.uniform_blocks[1].layout = SG_UNIFORMLAYOUT_STD140;
            desc.uniform_blocks[1].size = 16;
            desc.uniform_blocks[1].glsl_uniforms[0].type = SG_UNIFORMTYPE_FLOAT4;
            desc.uniform_blocks[1].glsl_uniforms[0].array_count = 1;
            desc.uniform_blocks[1].glsl_uniforms[0].glsl_name = "post_blur_params";
            desc.views[0].texture.stage = SG_SHADERSTAGE_FRAGMENT;
            desc.views[0].texture.image_type = SG_IMAGETYPE_2D;
            desc.views[0].texture.sample_type = SG_IMAGESAMPLETYPE_FLOAT;
            desc.views[0].texture.multisampled = false;
            desc.samplers[0].stage = SG_SHADERSTAGE_FRAGMENT;
            desc.samplers[0].sampler_type = SG_SAMPLERTYPE_FILTERING;
            desc.texture_sampler_pairs[0].stage = SG_SHADERSTAGE_FRAGMENT;
            desc.texture_sampler_pairs[0].view_slot = 0;
            desc.texture_sampler_pairs[0].sampler_slot = 0;
            desc.texture_sampler_pairs[0].glsl_name = "post_blur_src_post_blur_smp";
            desc.label = "post_blur_shader";
        }
        return &desc;
    }
    if (backend == SG_BACKEND_GLES3) {
        static sg_shader_desc desc;
        static bool valid;
        if (!valid) {
            valid = true;
            desc.vertex_func.source = (const char*)post_vs_source_glsl300es;
            desc.vertex_func.entry = "main";
            desc.fragment_func.source = (const char*)post_blur_fs_source_glsl300es;
            desc.fragment_func.entry = "main";
            desc.attrs[0].base_type = SG_SHADERATTRBASETYPE_FLOAT;
            desc.attrs[0].glsl_name = "a_pos";
            desc.attrs[1].base_type = SG_SHADERATTRBASETYPE_FLOAT;
            desc.attrs[1].glsl_name = "a_uv";
            desc.uniform_blocks[0].stage = SG_SHADERSTAGE_VERTEX;
            desc.uniform_blocks[0].layout = SG_UNIFORMLAYOUT_STD140;
            desc.uniform_blocks[0].size = 16;
            desc.uniform_blocks[0].glsl_uniforms[0].type = SG_UNIFORMTYPE_FLOAT4;
            desc.uniform_blocks[0].glsl_uniforms[0].array_count = 1;
            desc.uniform_blocks[0].glsl_uniforms[0].glsl_name = "post_vs_params";
            desc.uniform_blocks[1].stage = SG_SHADERSTAGE_FRAGMENT;
            desc.uniform_blocks[1].layout = SG_UNIFORMLAYOUT_STD140;
            desc.uniform_blocks[1].size = 16;
            desc.uniform_blocks[1].glsl_uniforms[0].type = SG_UNIFORMTYPE_FLOAT4;
            desc.uniform_blocks[1].glsl_uniforms[0].array_count = 1;
            desc.uniform_blocks[1].glsl_uniforms[0].glsl_name = "post_blur_params";
            desc.views[0].texture.stage = SG_SHADERSTAGE_FRAGMENT;
            desc.views[0].texture.image_type = SG_IMAGETYPE_2D;
            desc.views[0].texture.sample_type = SG_IMAGESAMPLETYPE_FLOAT;
            desc.views[0].texture.multisampled = false;
            desc.samplers[0].stage = SG_SHADERSTAGE_FRAGMENT;
            desc.samplers[0].sampler_type = SG_SAMPLERTYPE_FILTERING;
            desc.texture_sampler_pairs[0].stage = SG_SHADERSTAGE_FRAGMENT;
            desc.texture_sampler_pairs[0].view_slot = 0;
            desc.texture_sampler_pairs[0].sampler_slot = 0;
            desc.texture_sampler_pairs[0].glsl_name = "post_blur_src_post_blur_smp";
            desc.label = "post_blur_shader";
        }
        return &desc;
    }
    if (backend == SG_BACKEND_D3D11) {
        static sg_shader_desc desc;
        static bool valid;
        if (!valid) {
            valid = true;
            desc.vertex_func.source = (const char*)post_vs_source_hlsl4;
            desc.vertex_func.d3d11_target = "vs_4_0";
            desc.vertex_func.entry = "main";
            desc.fragment_func.source = (const char*)post_blur_fs_source_hlsl4;
            desc.fragment_func.d3d11_target = "ps_4_0";
            desc.fragment_func.entry = "main";
            desc.attrs[0].base_type = SG_SHADERATTRBASETYPE_FLOAT;
            desc.attrs[0].hlsl_sem_name = "TEXCOORD";
            desc.attrs[0].hlsl_sem_index = 0;
            desc.attrs[1].base_type = SG_SHADERATTRBASETYPE_FLOAT;
            desc.attrs[1].hlsl_sem_name = "TEXCOORD";
            desc.attrs[1].hlsl_sem_index = 1;
            desc.uniform_blocks[0].stage = SG_SHADERSTAGE_VERTEX;
            desc.uniform_blocks[0].layout = SG_UNIFORMLAYOUT_STD140;
            desc.uniform_blocks[0].size = 16;
            desc.uniform_blocks[0].hlsl_register_b_n = 0;
            desc.uniform_blocks[1].stage = SG_SHADERSTAGE_FRAGMENT;
            desc.uniform_blocks[1].layout = SG_UNIFORMLAYOUT_STD140;
            desc.uniform_blocks[1].size = 16;
            desc.uniform_blocks[1].hlsl_register_b_n = 1;
            desc.views[0].texture.stage = SG_SHADERSTAGE_FRAGMENT;
            desc.views[0].texture.image_type = SG_IMAGETYPE_2D;
            desc.views[0].texture.sample_type = SG_IMAGESAMPLETYPE_FLOAT;
            desc.views[0].texture.multisampled = false;
            desc.views[0].texture.hlsl_register_t_n = 0;
            desc.samplers[0].stage = SG_SHADERSTAGE_FRAGMENT;
            desc.samplers[0].sampler_type = SG_SAMPLERTYPE_FILTERING;
            desc.samplers[0].hlsl_register_s_n = 0;
            desc.texture_sampler_pairs[0].stage = SG_SHADERSTAGE_FRAGMENT;
            desc.texture_sampler_pairs[0].view_slot = 0;
            desc.texture_sampler_pairs[0].sampler_slot = 0;
            desc.label = "post_blur_shader";
        }
        return &desc;
    }
    if (backend == SG_BACKEND_METAL_MACOS) {
        static sg_shader_desc desc;
        static bool valid;
        if (!valid) {
            valid = true;
            desc.vertex_func.source = (const char*)post_vs_source_metal_macos;
            desc.vertex_func.entry = "main0";
            desc.fragment_func.source = (const char*)post_blur_fs_source_metal_macos;
            desc.fragment_func.entry = "main0";
            desc.attrs[0].base_type = SG_SHADERATTRBASETYPE_FLOAT;
            desc.attrs[1].base_type = SG_SHADERATTRBASETYPE_FLOAT;
            desc.uniform_blocks[0].stage = SG_SHADERSTAGE_VERTEX;
            desc.uniform_blocks[0].layout = SG_UNIFORMLAYOUT_STD140;
            desc.uniform_blocks[0].size = 16;
            desc.uniform_blocks[0].msl_buffer_n = 0;
            desc.uniform_blocks[1].stage = SG_SHADERSTAGE_FRAGMENT;
            desc.uniform_blocks[1].layout = SG_UNIFORMLAYOUT_STD140;
            desc.uniform_blocks[1].size = 16;
            desc.uniform_blocks[1].msl_buffer_n = 1;
            desc.views[0].texture.stage = SG_SHADERSTAGE_FRAGMENT;
            desc.views[0].texture.image_type = SG_IMAGETYPE_2D;
            desc.views[0].texture.sample_type = SG_IMAGESAMPLETYPE_FLOAT;
            desc.views[0].texture.multisampled = false;
            desc.views[0].texture.msl_texture_n = 0;
            desc.samplers[0].stage = SG_SHADERSTAGE_FRAGMENT;
            desc.samplers[0].sampler_type = SG_SAMPLERTYPE_FILTERING;
            desc.samplers[0].msl_sampler_n = 0;
            desc.texture_sampler_pairs[0].stage = SG_SHADERSTAGE_FRAGMENT;
            desc.texture_sampler_pairs[0].view_slot = 0;
            desc.texture_sampler_pairs[0].sampler_slot = 0;
            desc.label = "post_blur_shader";
        }
        return &desc;
    }
    return 0;
}
const sg_shader_desc* post_bright_shader_desc(sg_backend backend) {
    if (backend == SG_BACKEND_GLCORE) {
        static sg_shader_desc desc;
        static bool valid;
        if (!valid) {
            valid = true;
            desc.vertex_func.source = (const char*)post_vs_source_glsl410;
            desc.vertex_func.entry = "main";
            desc.fragment_func.source = (const char*)post_bright_fs_source_glsl410;
            desc.fragment_func.entry = "main";
            desc.attrs[0].base_type = SG_SHADERATTRBASETYPE_FLOAT;
            desc.attrs[0].glsl_name = "a_pos";
            desc.attrs[1].base_type = SG_SHADERATTRBASETYPE_FLOAT;
            desc.attrs[1].glsl_name = "a_uv";
            desc.uniform_blocks[0].stage = SG_SHADERSTAGE_VERTEX;
            desc.uniform_blocks[0].layout = SG_UNIFORMLAYOUT_STD140;
            desc.uniform_blocks[0].size = 16;
            desc.uniform_blocks[0].glsl_uniforms[0].type = SG_UNIFORMTYPE_FLOAT4;
            desc.uniform_blocks[0].glsl_uniforms[0].array_count = 1;
            desc.uniform_blocks[0].glsl_uniforms[0].glsl_name = "post_vs_params";
            desc.uniform_blocks[1].stage = SG_SHADERSTAGE_FRAGMENT;
            desc.uniform_blocks[1].layout = SG_UNIFORMLAYOUT_STD140;
            desc.uniform_blocks[1].size = 16;
            desc.uniform_blocks[1].glsl_uniforms[0].type = SG_UNIFORMTYPE_FLOAT4;
            desc.uniform_blocks[1].glsl_uniforms[0].array_count = 1;
            desc.uniform_blocks[1].glsl_uniforms[0].glsl_name = "post_bright_params";
            desc.views[0].texture.stage = SG_SHADERSTAGE_FRAGMENT;
            desc.views[0].texture.image_type = SG_IMAGETYPE_2D;
            desc.views[0].texture.sample_type = SG_IMAGESAMPLETYPE_FLOAT;
            desc.views[0].texture.multisampled = false;
            desc.samplers[0].stage = SG_SHADERSTAGE_FRAGMENT;
            desc.samplers[0].sampler_type = SG_SAMPLERTYPE_FILTERING;
            desc.texture_sampler_pairs[0].stage = SG_SHADERSTAGE_FRAGMENT;
            desc.texture_sampler_pairs[0].view_slot = 0;
            desc.texture_sampler_pairs[0].sampler_slot = 0;
            desc.texture_sampler_pairs[0].glsl_name = "post_bright_src_post_bright_smp";
            desc.label = "post_bright_shader";
        }
        return &desc;
    }
    if (backend == SG_BACKEND_GLES3) {
        static sg_shader_desc desc;
        static bool valid;
        if (!valid) {
            valid = true;
            desc.vertex_func.source = (const char*)post_vs_source_glsl300es;
            desc.vertex_func.entry = "main";
            desc.fragment_func.source = (const char*)post_bright_fs_source_glsl300es;
            desc.fragment_func.entry = "main";
            desc.attrs[0].base_type = SG_SHADERATTRBASETYPE_FLOAT;
            desc.attrs[0].glsl_name = "a_pos";
            desc.attrs[1].base_type = SG_SHADERATTRBASETYPE_FLOAT;
            desc.attrs[1].glsl_name = "a_uv";
            desc.uniform_blocks[0].stage = SG_SHADERSTAGE_VERTEX;
            desc.uniform_blocks[0].layout = SG_UNIFORMLAYOUT_STD140;
            desc.uniform_blocks[0].size = 16;
            desc.uniform_blocks[0].glsl_uniforms[0].type = SG_UNIFORMTYPE_FLOAT4;
            desc.uniform_blocks[0].glsl_uniforms[0].array_count = 1;
            desc.uniform_blocks[0].glsl_uniforms[0].glsl_name = "post_vs_params";
            desc.uniform_blocks[1].stage = SG_SHADERSTAGE_FRAGMENT;
            desc.uniform_blocks[1].layout = SG_UNIFORMLAYOUT_STD140;
            desc.uniform_blocks[1].size = 16;
            desc.uniform_blocks[1].glsl_uniforms[0].type = SG_UNIFORMTYPE_FLOAT4;
            desc.uniform_blocks[1].glsl_uniforms[0].array_count = 1;
            desc.uniform_blocks[1].glsl_uniforms[0].glsl_name = "post_bright_params";
            desc.views[0].texture.stage = SG_SHADERSTAGE_FRAGMENT;
            desc.views[0].texture.image_type = SG_IMAGETYPE_2D;
            desc.views[0].texture.sample_type = SG_IMAGESAMPLETYPE_FLOAT;
            desc.views[0].texture.multisampled = false;
            desc.samplers[0].stage = SG_SHADERSTAGE_FRAGMENT;
            desc.samplers[0].sampler_type = SG_SAMPLERTYPE_FILTERING;
            desc.texture_sampler_pairs[0].stage = SG_SHADERSTAGE_FRAGMENT;
            desc.texture_sampler_pairs[0].view_slot = 0;
            desc.texture_sampler_pairs[0].sampler_slot = 0;
            desc.texture_sampler_pairs[0].glsl_name = "post_bright_src_post_bright_smp";
            desc.label = "post_bright_shader";
        }
        return &desc;
    }
    if (backend == SG_BACKEND_D3D11) {
        static sg_shader_desc desc;
        static bool valid;
        if (!valid) {
            valid = true;
            desc.vertex_func.source = (const char*)post_vs_source_hlsl4;
            desc.vertex_func.d3d11_target = "vs_4_0";
            desc.vertex_func.entry = "main";
            desc.fragment_func.source = (const char*)post_bright_fs_source_hlsl4;
            desc.fragment_func.d3d11_target = "ps_4_0";
            desc.fragment_func.entry = "main";
            desc.attrs[0].base_type = SG_SHADERATTRBASETYPE_FLOAT;
            desc.attrs[0].hlsl_sem_name = "TEXCOORD";
            desc.attrs[0].hlsl_sem_index = 0;
            desc.attrs[1].base_type = SG_SHADERATTRBASETYPE_FLOAT;
            desc.attrs[1].hlsl_sem_name = "TEXCOORD";
            desc.attrs[1].hlsl_sem_index = 1;
            desc.uniform_blocks[0].stage = SG_SHADERSTAGE_VERTEX;
            desc.uniform_blocks[0].layout = SG_UNIFORMLAYOUT_STD140;
            desc.uniform_blocks[0].size = 16;
            desc.uniform_blocks[0].hlsl_register_b_n = 0;
            desc.uniform_blocks[1].stage = SG_SHADERSTAGE_FRAGMENT;
            desc.uniform_blocks[1].layout = SG_UNIFORMLAYOUT_STD140;
            desc.uniform_blocks[1].size = 16;
            desc.uniform_blocks[1].hlsl_register_b_n = 1;
            desc.views[0].texture.stage = SG_SHADERSTAGE_FRAGMENT;
            desc.views[0].texture.image_type = SG_IMAGETYPE_2D;
            desc.views[0].texture.sample_type = SG_IMAGESAMPLETYPE_FLOAT;
            desc.views[0].texture.multisampled = false;
            desc.views[0].texture.hlsl_register_t_n = 0;
            desc.samplers[0].stage = SG_SHADERSTAGE_FRAGMENT;
            desc.samplers[0].sampler_type = SG_SAMPLERTYPE_FILTERING;
            desc.samplers[0].hlsl_register_s_n = 0;
            desc.texture_sampler_pairs[0].stage = SG_SHADERSTAGE_FRAGMENT;
            desc.texture_sampler_pairs[0].view_slot = 0;
            desc.texture_sampler_pairs[0].sampler_slot = 0;
            desc.label = "post_bright_shader";
        }
        return &desc;
    }
    if (backend == SG_BACKEND_METAL_MACOS) {
        static sg_shader_desc desc;
        static bool valid;
        if (!valid) {
            valid = true;
            desc.vertex_func.source = (const char*)post_vs_source_metal_macos;
            desc.vertex_func.entry = "main0";
            desc.fragment_func.source = (const char*)post_bright_fs_source_metal_macos;
            desc.fragment_func.entry = "main0";
            desc.attrs[0].base_type = SG_SHADERATTRBASETYPE_FLOAT;
            desc.attrs[1].base_type = SG_SHADERATTRBASETYPE_FLOAT;
            desc.uniform_blocks[0].stage = SG_SHADERSTAGE_VERTEX;
            desc.uniform_blocks[0].layout = SG_UNIFORMLAYOUT_STD140;
            desc.uniform_blocks[0].size = 16;
            desc.uniform_blocks[0].msl_buffer_n = 0;
            desc.uniform_blocks[1].stage = SG_SHADERSTAGE_FRAGMENT;
            desc.uniform_blocks[1].layout = SG_UNIFORMLAYOUT_STD140;
            desc.uniform_blocks[1].size = 16;
            desc.uniform_blocks[1].msl_buffer_n = 1;
            desc.views[0].texture.stage = SG_SHADERSTAGE_FRAGMENT;
            desc.views[0].texture.image_type = SG_IMAGETYPE_2D;
            desc.views[0].texture.sample_type = SG_IMAGESAMPLETYPE_FLOAT;
            desc.views[0].texture.multisampled = false;
            desc.views[0].texture.msl_texture_n = 0;
            desc.samplers[0].stage = SG_SHADERSTAGE_FRAGMENT;
            desc.samplers[0].sampler_type = SG_SAMPLERTYPE_FILTERING;
            desc.samplers[0].msl_sampler_n = 0;
            desc.texture_sampler_pairs[0].stage = SG_SHADERSTAGE_FRAGMENT;
            desc.texture_sampler_pairs[0].view_slot = 0;
            desc.texture_sampler_pairs[0].sampler_slot = 0;
            desc.label = "post_bright_shader";
        }
        return &desc;
    }
    return 0;
}
const sg_shader_desc* post_color_shader_desc(sg_backend backend) {
    if (backend == SG_BACKEND_GLCORE) {
        static sg_shader_desc desc;
        static bool valid;
        if (!valid) {
            valid = true;
            desc.vertex_func.source = (const char*)post_vs_source_glsl410;
            desc.vertex_func.entry = "main";
            desc.fragment_func.source = (const char*)post_color_fs_source_glsl410;
            desc.fragment_func.entry = "main";
            desc.attrs[0].base_type = SG_SHADERATTRBASETYPE_FLOAT;
            desc.attrs[0].glsl_name = "a_pos";
            desc.attrs[1].base_type = SG_SHADERATTRBASETYPE_FLOAT;
            desc.attrs[1].glsl_name = "a_uv";
            desc.uniform_blocks[0].stage = SG_SHADERSTAGE_VERTEX;
            desc.uniform_blocks[0].layout = SG_UNIFORMLAYOUT_STD140;
            desc.uniform_blocks[0].size = 16;
            desc.uniform_blocks[0].glsl_uniforms[0].type = SG_UNIFORMTYPE_FLOAT4;
            desc.uniform_blocks[0].glsl_uniforms[0].array_count = 1;
            desc.uniform_blocks[0].glsl_uniforms[0].glsl_name = "post_vs_params";
            desc.uniform_blocks[1].stage = SG_SHADERSTAGE_FRAGMENT;
            desc.uniform_blocks[1].layout = SG_UNIFORMLAYOUT_STD140;
            desc.uniform_blocks[1].size = 32;
            desc.uniform_blocks[1].glsl_uniforms[0].type = SG_UNIFORMTYPE_FLOAT4;
            desc.uniform_blocks[1].glsl_uniforms[0].array_count = 2;
            desc.uniform_blocks[1].glsl_uniforms[0].glsl_name = "post_color_params";
            desc.views[0].texture.stage = SG_SHADERSTAGE_FRAGMENT;
            desc.views[0].texture.image_type = SG_IMAGETYPE_2D;
            desc.views[0].texture.sample_type = SG_IMAGESAMPLETYPE_FLOAT;
            desc.views[0].texture.multisampled = false;
            desc.samplers[0].stage = SG_SHADERSTAGE_FRAGMENT;
            desc.samplers[0].sampler_type = SG_SAMPLERTYPE_FILTERING;
            desc.texture_sampler_pairs[0].stage = SG_SHADERSTAGE_FRAGMENT;
            desc.texture_sampler_pairs[0].view_slot = 0;
            desc.texture_sampler_pairs[0].sampler_slot = 0;
            desc.texture_sampler_pairs[0].glsl_name = "post_color_src_post_color_smp";
            desc.label = "post_color_shader";
        }
        return &desc;
    }
    if (backend == SG_BACKEND_GLES3) {
        static sg_shader_desc desc;
        static bool valid;
        if (!valid) {
            valid = true;
            desc.vertex_func.source = (const char*)post_vs_source_glsl300es;
            desc.vertex_func.entry = "main";
            desc.fragment_func.source = (const char*)post_color_fs_source_glsl300es;
            desc.fragment_func.entry = "main";
            desc.attrs[0].base_type = SG_SHADERATTRBASETYPE_FLOAT;
            desc.attrs[0].glsl_name = "a_pos";
            desc.attrs[1].base_type = SG_SHADERATTRBASETYPE_FLOAT;
            desc.attrs[1].glsl_name = "a_uv";
            desc.uniform_blocks[0].stage = SG_SHADERSTAGE_VERTEX;
            desc.uniform_blocks[0].layout = SG_UNIFORMLAYOUT_STD140;
            desc.uniform_blocks[0].size = 16;
            desc.uniform_blocks[0].glsl_uniforms[0].type = SG_UNIFORMTYPE_FLOAT4;
            desc.uniform_blocks[0].glsl_uniforms[0].array_count = 1;
            desc.uniform_blocks[0].glsl_uniforms[0].glsl_name = "post_vs_params";
            desc.uniform_blocks[1].stage = SG_SHADERSTAGE_FRAGMENT;
            desc.uniform_blocks[1].layout = SG_UNIFORMLAYOUT_STD140;
            desc.uniform_blocks[1].size = 32;
            desc.uniform_blocks[1].glsl_uniforms[0].type = SG_UNIFORMTYPE_FLOAT4;
            desc.uniform_blocks[1].glsl_uniforms[0].array_count = 2;
            desc.uniform_blocks[1].glsl_uniforms[0].glsl_name = "post_color_params";
            desc.views[0].texture.stage = SG_SHADERSTAGE_FRAGMENT;
            desc.views[0].texture.image_type = SG_IMAGETYPE_2D;
            desc.views[0].texture.sample_type = SG_IMAGESAMPLETYPE_FLOAT;
            desc.views[0].texture.multisampled = false;
            desc.samplers[0].stage = SG_SHADERSTAGE_FRAGMENT;
            desc.samplers[0].sampler_type = SG_SAMPLERTYPE_FILTERING;
            desc.texture_sampler_pairs[0].stage = SG_SHADERSTAGE_FRAGMENT;
            desc.texture_sampler_pairs[0].view_slot = 0;
            desc.texture_sampler_pairs[0].sampler_slot = 0;
            desc.texture_sampler_pairs[0].glsl_name = "post_color_src_post_color_smp";
            desc.label = "post_color_shader";
        }
        return &desc;
    }
    if (backend == SG_BACKEND_D3D11) {
        static sg_shader_desc desc;
        static bool valid;
        if (!valid) {
            valid = true;
            desc.vertex_func.source = (const char*)post_vs_source_hlsl4;
            desc.vertex_func.d3d11_target = "vs_4_0";
            desc.vertex_func.entry = "main";
            desc.fragment_func.source = (const char*)post_color_fs_source_hlsl4;
            desc.fragment_func.d3d11_target = "ps_4_0";
            desc.fragment_func.entry = "main";
            desc.attrs[0].base_type = SG_SHADERATTRBASETYPE_FLOAT;
            desc.attrs[0].hlsl_sem_name = "TEXCOORD";
            desc.attrs[0].hlsl_sem_index = 0;
            desc.attrs[1].base_type = SG_SHADERATTRBASETYPE_FLOAT;
            desc.attrs[1].hlsl_sem_name = "TEXCOORD";
            desc.attrs[1].hlsl_sem_index = 1;
            desc.uniform_blocks[0].stage = SG_SHADERSTAGE_VERTEX;
            desc.uniform_blocks[0].layout = SG_UNIFORMLAYOUT_STD140;
            desc.uniform_blocks[0].size = 16;
            desc.uniform_blocks[0].hlsl_register_b_n = 0;
            desc.uniform_blocks[1].stage = SG_SHADERSTAGE_FRAGMENT;
            desc.uniform_blocks[1].layout = SG_UNIFORMLAYOUT_STD140;
            desc.uniform_blocks[1].size = 32;
            desc.uniform_blocks[1].hlsl_register_b_n = 1;
            desc.views[0].texture.stage = SG_SHADERSTAGE_FRAGMENT;
            desc.views[0].texture.image_type = SG_IMAGETYPE_2D;
            desc.views[0].texture.sample_type = SG_IMAGESAMPLETYPE_FLOAT;
            desc.views[0].texture.multisampled = false;
            desc.views[0].texture.hlsl_register_t_n = 0;
            desc.samplers[0].stage = SG_SHADERSTAGE_FRAGMENT;
            desc.samplers[0].sampler_type = SG_SAMPLERTYPE_FILTERING;
            desc.samplers[0].hlsl_register_s_n = 0;
            desc.texture_sampler_pairs[0].stage = SG_SHADERSTAGE_FRAGMENT;
            desc.texture_sampler_pairs[0].view_slot = 0;
            desc.texture_sampler_pairs[0].sampler_slot = 0;
            desc.label = "post_color_shader";
        }
        return &desc;
    }
    if (backend == SG_BACKEND_METAL_MACOS) {
        static sg_shader_desc desc;
        static bool valid;
        if (!valid) {
            valid = true;
            desc.vertex_func.source = (const char*)post_vs_source_metal_macos;
            desc.vertex_func.entry = "main0";
            desc.fragment_func.source = (const char*)post_color_fs_source_metal_macos;
            desc.fragment_func.entry = "main0";
            desc.attrs[0].base_type = SG_SHADERATTRBASETYPE_FLOAT;
            desc.attrs[1].base_type = SG_SHADERATTRBASETYPE_FLOAT;
            desc.uniform_blocks[0].stage = SG_SHADERSTAGE_VERTEX;
            desc.uniform_blocks[0].layout = SG_UNIFORMLAYOUT_STD140;
            desc.uniform_blocks[0].size = 16;
            desc.uniform_blocks[0].msl_buffer_n = 0;
            desc.uniform_blocks[1].stage = SG_SHADERSTAGE_FRAGMENT;
            desc.uniform_blocks[1].layout = SG_UNIFORMLAYOUT_STD140;
            desc.uniform_blocks[1].size = 32;
            desc.uniform_blocks[1].msl_buffer_n = 1;
            desc.views[0].texture.stage = SG_SHADERSTAGE_FRAGMENT;
            desc.views[0].texture.image_type = SG_IMAGETYPE_2D;
            desc.views[0].texture.sample_type = SG_IMAGESAMPLETYPE_FLOAT;
            desc.views[0].texture.multisampled = false;
            desc.views[0].texture.msl_texture_n = 0;
            desc.samplers[0].stage = SG_SHADERSTAGE_FRAGMENT;
            desc.samplers[0].sampler_type = SG_SAMPLERTYPE_FILTERING;
            desc.samplers[0].msl_sampler_n = 0;
            desc.texture_sampler_pairs[0].stage = SG_SHADERSTAGE_FRAGMENT;
            desc.texture_sampler_pairs[0].view_slot = 0;
            desc.texture_sampler_pairs[0].sampler_slot = 0;
            desc.label = "post_color_shader";
        }
        return &desc;
    }
    return 0;
}
const sg_shader_desc* post_composite_shader_desc(sg_backend backend) {
    if (backend == SG_BACKEND_GLCORE) {
        static sg_shader_desc desc;
        static bool valid;
        if (!valid) {
            valid = true;
            desc.vertex_func.source = (const char*)post_vs_source_glsl410;
            desc.vertex_func.entry = "main";
            desc.fragment_func.source = (const char*)post_composite_fs_source_glsl410;
            desc.fragment_func.entry = "main";
            desc.attrs[0].base_type = SG_SHADERATTRBASETYPE_FLOAT;
            desc.attrs[0].glsl_name = "a_pos";
            desc.attrs[1].base_type = SG_SHADERATTRBASETYPE_FLOAT;
            desc.attrs[1].glsl_name = "a_uv";
            desc.uniform_blocks[0].stage = SG_SHADERSTAGE_VERTEX;
            desc.uniform_blocks[0].layout = SG_UNIFORMLAYOUT_STD140;
            desc.uniform_blocks[0].size = 16;
            desc.uniform_blocks[0].glsl_uniforms[0].type = SG_UNIFORMTYPE_FLOAT4;
            desc.uniform_blocks[0].glsl_uniforms[0].array_count = 1;
            desc.uniform_blocks[0].glsl_uniforms[0].glsl_name = "post_vs_params";
            desc.uniform_blocks[1].stage = SG_SHADERSTAGE_FRAGMENT;
            desc.uniform_blocks[1].layout = SG_UNIFORMLAYOUT_STD140;
            desc.uniform_blocks[1].size = 16;
            desc.uniform_blocks[1].glsl_uniforms[0].type = SG_UNIFORMTYPE_FLOAT4;
            desc.uniform_blocks[1].glsl_uniforms[0].array_count = 1;
            desc.uniform_blocks[1].glsl_uniforms[0].glsl_name = "post_composite_params";
            desc.views[0].texture.stage = SG_SHADERSTAGE_FRAGMENT;
            desc.views[0].texture.image_type = SG_IMAGETYPE_2D;
            desc.views[0].texture.sample_type = SG_IMAGESAMPLETYPE_FLOAT;
            desc.views[0].texture.multisampled = false;
            desc.views[1].texture.stage = SG_SHADERSTAGE_FRAGMENT;
            desc.views[1].texture.image_type = SG_IMAGETYPE_2D;
            desc.views[1].texture.sample_type = SG_IMAGESAMPLETYPE_FLOAT;
            desc.views[1].texture.multisampled = false;
            desc.samplers[0].stage = SG_SHADERSTAGE_FRAGMENT;
            desc.samplers[0].sampler_type = SG_SAMPLERTYPE_FILTERING;
            desc.samplers[1].stage = SG_SHADERSTAGE_FRAGMENT;
            desc.samplers[1].sampler_type = SG_SAMPLERTYPE_FILTERING;
            desc.texture_sampler_pairs[0].stage = SG_SHADERSTAGE_FRAGMENT;
            desc.texture_sampler_pairs[0].view_slot = 0;
            desc.texture_sampler_pairs[0].sampler_slot = 0;
            desc.texture_sampler_pairs[0].glsl_name = "post_comp_base_post_comp_base_smp";
            desc.texture_sampler_pairs[1].stage = SG_SHADERSTAGE_FRAGMENT;
            desc.texture_sampler_pairs[1].view_slot = 1;
            desc.texture_sampler_pairs[1].sampler_slot = 1;
            desc.texture_sampler_pairs[1].glsl_name = "post_comp_add_post_comp_add_smp";
            desc.label = "post_composite_shader";
        }
        return &desc;
    }
    if (backend == SG_BACKEND_GLES3) {
        static sg_shader_desc desc;
        static bool valid;
        if (!valid) {
            valid = true;
            desc.vertex_func.source = (const char*)post_vs_source_glsl300es;
            desc.vertex_func.entry = "main";
            desc.fragment_func.source = (const char*)post_composite_fs_source_glsl300es;
            desc.fragment_func.entry = "main";
            desc.attrs[0].base_type = SG_SHADERATTRBASETYPE_FLOAT;
            desc.attrs[0].glsl_name = "a_pos";
            desc.attrs[1].base_type = SG_SHADERATTRBASETYPE_FLOAT;
            desc.attrs[1].glsl_name = "a_uv";
            desc.uniform_blocks[0].stage = SG_SHADERSTAGE_VERTEX;
            desc.uniform_blocks[0].layout = SG_UNIFORMLAYOUT_STD140;
            desc.uniform_blocks[0].size = 16;
            desc.uniform_blocks[0].glsl_uniforms[0].type = SG_UNIFORMTYPE_FLOAT4;
            desc.uniform_blocks[0].glsl_uniforms[0].array_count = 1;
            desc.uniform_blocks[0].glsl_uniforms[0].glsl_name = "post_vs_params";
            desc.uniform_blocks[1].stage = SG_SHADERSTAGE_FRAGMENT;
            desc.uniform_blocks[1].layout = SG_UNIFORMLAYOUT_STD140;
            desc.uniform_blocks[1].size = 16;
            desc.uniform_blocks[1].glsl_uniforms[0].type = SG_UNIFORMTYPE_FLOAT4;
            desc.uniform_blocks[1].glsl_uniforms[0].array_count = 1;
            desc.uniform_blocks[1].glsl_uniforms[0].glsl_name = "post_composite_params";
            desc.views[0].texture.stage = SG_SHADERSTAGE_FRAGMENT;
            desc.views[0].texture.image_type = SG_IMAGETYPE_2D;
            desc.views[0].texture.sample_type = SG_IMAGESAMPLETYPE_FLOAT;
            desc.views[0].texture.multisampled = false;
            desc.views[1].texture.stage = SG_SHADERSTAGE_FRAGMENT;
            desc.views[1].texture.image_type = SG_IMAGETYPE_2D;
            desc.views[1].texture.sample_type = SG_IMAGESAMPLETYPE_FLOAT;
            desc.views[1].texture.multisampled = false;
            desc.samplers[0].stage = SG_SHADERSTAGE_FRAGMENT;
            desc.samplers[0].sampler_type = SG_SAMPLERTYPE_FILTERING;
            desc.samplers[1].stage = SG_SHADERSTAGE_FRAGMENT;
            desc.samplers[1].sampler_type = SG_SAMPLERTYPE_FILTERING;
            desc.texture_sampler_pairs[0].stage = SG_SHADERSTAGE_FRAGMENT;
            desc.texture_sampler_pairs[0].view_slot = 0;
            desc.texture_sampler_pairs[0].sampler_slot = 0;
            desc.texture_sampler_pairs[0].glsl_name = "post_comp_base_post_comp_base_smp";
            desc.texture_sampler_pairs[1].stage = SG_SHADERSTAGE_FRAGMENT;
            desc.texture_sampler_pairs[1].view_slot = 1;
            desc.texture_sampler_pairs[1].sampler_slot = 1;
            desc.texture_sampler_pairs[1].glsl_name = "post_comp_add_post_comp_add_smp";
            desc.label = "post_composite_shader";
        }
        return &desc;
    }
    if (backend == SG_BACKEND_D3D11) {
        static sg_shader_desc desc;
        static bool valid;
        if (!valid) {
            valid = true;
            desc.vertex_func.source = (const char*)post_vs_source_hlsl4;
            desc.vertex_func.d3d11_target = "vs_4_0";
            desc.vertex_func.entry = "main";
            desc.fragment_func.source = (const char*)post_composite_fs_source_hlsl4;
            desc.fragment_func.d3d11_target = "ps_4_0";
            desc.fragment_func.entry = "main";
            desc.attrs[0].base_type = SG_SHADERATTRBASETYPE_FLOAT;
            desc.attrs[0].hlsl_sem_name = "TEXCOORD";
            desc.attrs[0].hlsl_sem_index = 0;
            desc.attrs[1].base_type = SG_SHADERATTRBASETYPE_FLOAT;
            desc.attrs[1].hlsl_sem_name = "TEXCOORD";
            desc.attrs[1].hlsl_sem_index = 1;
            desc.uniform_blocks[0].stage = SG_SHADERSTAGE_VERTEX;
            desc.uniform_blocks[0].layout = SG_UNIFORMLAYOUT_STD140;
            desc.uniform_blocks[0].size = 16;
            desc.uniform_blocks[0].hlsl_register_b_n = 0;
            desc.uniform_blocks[1].stage = SG_SHADERSTAGE_FRAGMENT;
            desc.uniform_blocks[1].layout = SG_UNIFORMLAYOUT_STD140;
            desc.uniform_blocks[1].size = 16;
            desc.uniform_blocks[1].hlsl_register_b_n = 1;
            desc.views[0].texture.stage = SG_SHADERSTAGE_FRAGMENT;
            desc.views[0].texture.image_type = SG_IMAGETYPE_2D;
            desc.views[0].texture.sample_type = SG_IMAGESAMPLETYPE_FLOAT;
            desc.views[0].texture.multisampled = false;
            desc.views[0].texture.hlsl_register_t_n = 0;
            desc.views[1].texture.stage = SG_SHADERSTAGE_FRAGMENT;
            desc.views[1].texture.image_type = SG_IMAGETYPE_2D;
            desc.views[1].texture.sample_type = SG_IMAGESAMPLETYPE_FLOAT;
            desc.views[1].texture.multisampled = false;
            desc.views[1].texture.hlsl_register_t_n = 1;
            desc.samplers[0].stage = SG_SHADERSTAGE_FRAGMENT;
            desc.samplers[0].sampler_type = SG_SAMPLERTYPE_FILTERING;
            desc.samplers[0].hlsl_register_s_n = 0;
            desc.samplers[1].stage = SG_SHADERSTAGE_FRAGMENT;
            desc.samplers[1].sampler_type = SG_SAMPLERTYPE_FILTERING;
            desc.samplers[1].hlsl_register_s_n = 1;
            desc.texture_sampler_pairs[0].stage = SG_SHADERSTAGE_FRAGMENT;
            desc.texture_sampler_pairs[0].view_slot = 0;
            desc.texture_sampler_pairs[0].sampler_slot = 0;
            desc.texture_sampler_pairs[1].stage = SG_SHADERSTAGE_FRAGMENT;
            desc.texture_sampler_pairs[1].view_slot = 1;
            desc.texture_sampler_pairs[1].sampler_slot = 1;
            desc.label = "post_composite_shader";
        }
        return &desc;
    }
    if (backend == SG_BACKEND_METAL_MACOS) {
        static sg_shader_desc desc;
        static bool valid;
        if (!valid) {
            valid = true;
            desc.vertex_func.source = (const char*)post_vs_source_metal_macos;
            desc.vertex_func.entry = "main0";
            desc.fragment_func.source = (const char*)post_composite_fs_source_metal_macos;
            desc.fragment_func.entry = "main0";
            desc.attrs[0].base_type = SG_SHADERATTRBASETYPE_FLOAT;
            desc.attrs[1].base_type = SG_SHADERATTRBASETYPE_FLOAT;
            desc.uniform_blocks[0].stage = SG_SHADERSTAGE_VERTEX;
            desc.uniform_blocks[0].layout = SG_UNIFORMLAYOUT_STD140;
            desc.uniform_blocks[0].size = 16;
            desc.uniform_blocks[0].msl_buffer_n = 0;
            desc.uniform_blocks[1].stage = SG_SHADERSTAGE_FRAGMENT;
            desc.uniform_blocks[1].layout = SG_UNIFORMLAYOUT_STD140;
            desc.uniform_blocks[1].size = 16;
            desc.uniform_blocks[1].msl_buffer_n = 1;
            desc.views[0].texture.stage = SG_SHADERSTAGE_FRAGMENT;
            desc.views[0].texture.image_type = SG_IMAGETYPE_2D;
            desc.views[0].texture.sample_type = SG_IMAGESAMPLETYPE_FLOAT;
            desc.views[0].texture.multisampled = false;
            desc.views[0].texture.msl_texture_n = 0;
            desc.views[1].texture.stage = SG_SHADERSTAGE_FRAGMENT;
            desc.views[1].texture.image_type = SG_IMAGETYPE_2D;
            desc.views[1].texture.sample_type = SG_IMAGESAMPLETYPE_FLOAT;
            desc.views[1].texture.multisampled = false;
            desc.views[1].texture.msl_texture_n = 1;
            desc.samplers[0].stage = SG_SHADERSTAGE_FRAGMENT;
            desc.samplers[0].sampler_type = SG_SAMPLERTYPE_FILTERING;
            desc.samplers[0].msl_sampler_n = 0;
            desc.samplers[1].stage = SG_SHADERSTAGE_FRAGMENT;
            desc.samplers[1].sampler_type = SG_SAMPLERTYPE_FILTERING;
            desc.samplers[1].msl_sampler_n = 1;
            desc.texture_sampler_pairs[0].stage = SG_SHADERSTAGE_FRAGMENT;
            desc.texture_sampler_pairs[0].view_slot = 0;
            desc.texture_sampler_pairs[0].sampler_slot = 0;
            desc.texture_sampler_pairs[1].stage = SG_SHADERSTAGE_FRAGMENT;
            desc.texture_sampler_pairs[1].view_slot = 1;
            desc.texture_sampler_pairs[1].sampler_slot = 1;
            desc.label = "post_composite_shader";
        }
        return &desc;
    }
    return 0;
}
const sg_shader_desc* post_copy_shader_desc(sg_backend backend) {
    if (backend == SG_BACKEND_GLCORE) {
        static sg_shader_desc desc;
        static bool valid;
        if (!valid) {
            valid = true;
            desc.vertex_func.source = (const char*)post_vs_source_glsl410;
            desc.vertex_func.entry = "main";
            desc.fragment_func.source = (const char*)post_copy_fs_source_glsl410;
            desc.fragment_func.entry = "main";
            desc.attrs[0].base_type = SG_SHADERATTRBASETYPE_FLOAT;
            desc.attrs[0].glsl_name = "a_pos";
            desc.attrs[1].base_type = SG_SHADERATTRBASETYPE_FLOAT;
            desc.attrs[1].glsl_name = "a_uv";
            desc.uniform_blocks[0].stage = SG_SHADERSTAGE_VERTEX;
            desc.uniform_blocks[0].layout = SG_UNIFORMLAYOUT_STD140;
            desc.uniform_blocks[0].size = 16;
            desc.uniform_blocks[0].glsl_uniforms[0].type = SG_UNIFORMTYPE_FLOAT4;
            desc.uniform_blocks[0].glsl_uniforms[0].array_count = 1;
            desc.uniform_blocks[0].glsl_uniforms[0].glsl_name = "post_vs_params";
            desc.views[0].texture.stage = SG_SHADERSTAGE_FRAGMENT;
            desc.views[0].texture.image_type = SG_IMAGETYPE_2D;
            desc.views[0].texture.sample_type = SG_IMAGESAMPLETYPE_FLOAT;
            desc.views[0].texture.multisampled = false;
            desc.samplers[0].stage = SG_SHADERSTAGE_FRAGMENT;
            desc.samplers[0].sampler_type = SG_SAMPLERTYPE_FILTERING;
            desc.texture_sampler_pairs[0].stage = SG_SHADERSTAGE_FRAGMENT;
            desc.texture_sampler_pairs[0].view_slot = 0;
            desc.texture_sampler_pairs[0].sampler_slot = 0;
            desc.texture_sampler_pairs[0].glsl_name = "post_copy_src_post_copy_smp";
            desc.label = "post_copy_shader";
        }
        return &desc;
    }
    if (backend == SG_BACKEND_GLES3) {
        static sg_shader_desc desc;
        static bool valid;
        if (!valid) {
            valid = true;
            desc.vertex_func.source = (const char*)post_vs_source_glsl300es;
            desc.vertex_func.entry = "main";
            desc.fragment_func.source = (const char*)post_copy_fs_source_glsl300es;
            desc.fragment_func.entry = "main";
            desc.attrs[0].base_type = SG_SHADERATTRBASETYPE_FLOAT;
            desc.attrs[0].glsl_name = "a_pos";
            desc.attrs[1].base_type = SG_SHADERATTRBASETYPE_FLOAT;
            desc.attrs[1].glsl_name = "a_uv";
            desc.uniform_blocks[0].stage = SG_SHADERSTAGE_VERTEX;
            desc.uniform_blocks[0].layout = SG_UNIFORMLAYOUT_STD140;
            desc.uniform_blocks[0].size = 16;
            desc.uniform_blocks[0].glsl_uniforms[0].type = SG_UNIFORMTYPE_FLOAT4;
            desc.uniform_blocks[0].glsl_uniforms[0].array_count = 1;
            desc.uniform_blocks[0].glsl_uniforms[0].glsl_name = "post_vs_params";
            desc.views[0].texture.stage = SG_SHADERSTAGE_FRAGMENT;
            desc.views[0].texture.image_type = SG_IMAGETYPE_2D;
            desc.views[0].texture.sample_type = SG_IMAGESAMPLETYPE_FLOAT;
            desc.views[0].texture.multisampled = false;
            desc.samplers[0].stage = SG_SHADERSTAGE_FRAGMENT;
            desc.samplers[0].sampler_type = SG_SAMPLERTYPE_FILTERING;
            desc.texture_sampler_pairs[0].stage = SG_SHADERSTAGE_FRAGMENT;
            desc.texture_sampler_pairs[0].view_slot = 0;
            desc.texture_sampler_pairs[0].sampler_slot = 0;
            desc.texture_sampler_pairs[0].glsl_name = "post_copy_src_post_copy_smp";
            desc.label = "post_copy_shader";
        }
        return &desc;
    }
    if (backend == SG_BACKEND_D3D11) {
        static sg_shader_desc desc;
        static bool valid;
        if (!valid) {
            valid = true;
            desc.vertex_func.source = (const char*)post_vs_source_hlsl4;
            desc.vertex_func.d3d11_target = "vs_4_0";
            desc.vertex_func.entry = "main";
            desc.fragment_func.source = (const char*)post_copy_fs_source_hlsl4;
            desc.fragment_func.d3d11_target = "ps_4_0";
            desc.fragment_func.entry = "main";
            desc.attrs[0].base_type = SG_SHADERATTRBASETYPE_FLOAT;
            desc.attrs[0].hlsl_sem_name = "TEXCOORD";
            desc.attrs[0].hlsl_sem_index = 0;
            desc.attrs[1].base_type = SG_SHADERATTRBASETYPE_FLOAT;
            desc.attrs[1].hlsl_sem_name = "TEXCOORD";
            desc.attrs[1].hlsl_sem_index = 1;
            desc.uniform_blocks[0].stage = SG_SHADERSTAGE_VERTEX;
            desc.uniform_blocks[0].layout = SG_UNIFORMLAYOUT_STD140;
            desc.uniform_blocks[0].size = 16;
            desc.uniform_blocks[0].hlsl_register_b_n = 0;
            desc.views[0].texture.stage = SG_SHADERSTAGE_FRAGMENT;
            desc.views[0].texture.image_type = SG_IMAGETYPE_2D;
            desc.views[0].texture.sample_type = SG_IMAGESAMPLETYPE_FLOAT;
            desc.views[0].texture.multisampled = false;
            desc.views[0].texture.hlsl_register_t_n = 0;
            desc.samplers[0].stage = SG_SHADERSTAGE_FRAGMENT;
            desc.samplers[0].sampler_type = SG_SAMPLERTYPE_FILTERING;
            desc.samplers[0].hlsl_register_s_n = 0;
            desc.texture_sampler_pairs[0].stage = SG_SHADERSTAGE_FRAGMENT;
            desc.texture_sampler_pairs[0].view_slot = 0;
            desc.texture_sampler_pairs[0].sampler_slot = 0;
            desc.label = "post_copy_shader";
        }
        return &desc;
    }
    if (backend == SG_BACKEND_METAL_MACOS) {
        static sg_shader_desc desc;
        static bool valid;
        if (!valid) {
            valid = true;
            desc.vertex_func.source = (const char*)post_vs_source_metal_macos;
            desc.vertex_func.entry = "main0";
            desc.fragment_func.source = (const char*)post_copy_fs_source_metal_macos;
            desc.fragment_func.entry = "main0";
            desc.attrs[0].base_type = SG_SHADERATTRBASETYPE_FLOAT;
            desc.attrs[1].base_type = SG_SHADERATTRBASETYPE_FLOAT;
            desc.uniform_blocks[0].stage = SG_SHADERSTAGE_VERTEX;
            desc.uniform_blocks[0].layout = SG_UNIFORMLAYOUT_STD140;
            desc.uniform_blocks[0].size = 16;
            desc.uniform_blocks[0].msl_buffer_n = 0;
            desc.views[0].texture.stage = SG_SHADERSTAGE_FRAGMENT;
            desc.views[0].texture.image_type = SG_IMAGETYPE_2D;
            desc.views[0].texture.sample_type = SG_IMAGESAMPLETYPE_FLOAT;
            desc.views[0].texture.multisampled = false;
            desc.views[0].texture.msl_texture_n = 0;
            desc.samplers[0].stage = SG_SHADERSTAGE_FRAGMENT;
            desc.samplers[0].sampler_type = SG_SAMPLERTYPE_FILTERING;
            desc.samplers[0].msl_sampler_n = 0;
            desc.texture_sampler_pairs[0].stage = SG_SHADERSTAGE_FRAGMENT;
            desc.texture_sampler_pairs[0].view_slot = 0;
            desc.texture_sampler_pairs[0].sampler_slot = 0;
            desc.label = "post_copy_shader";
        }
        return &desc;
    }
    return 0;
}
const sg_shader_desc* post_mix_shader_desc(sg_backend backend) {
    if (backend == SG_BACKEND_GLCORE) {
        static sg_shader_desc desc;
        static bool valid;
        if (!valid) {
            valid = true;
            desc.vertex_func.source = (const char*)post_vs_source_glsl410;
            desc.vertex_func.entry = "main";
            desc.fragment_func.source = (const char*)post_mix_fs_source_glsl410;
            desc.fragment_func.entry = "main";
            desc.attrs[0].base_type = SG_SHADERATTRBASETYPE_FLOAT;
            desc.attrs[0].glsl_name = "a_pos";
            desc.attrs[1].base_type = SG_SHADERATTRBASETYPE_FLOAT;
            desc.attrs[1].glsl_name = "a_uv";
            desc.uniform_blocks[0].stage = SG_SHADERSTAGE_VERTEX;
            desc.uniform_blocks[0].layout = SG_UNIFORMLAYOUT_STD140;
            desc.uniform_blocks[0].size = 16;
            desc.uniform_blocks[0].glsl_uniforms[0].type = SG_UNIFORMTYPE_FLOAT4;
            desc.uniform_blocks[0].glsl_uniforms[0].array_count = 1;
            desc.uniform_blocks[0].glsl_uniforms[0].glsl_name = "post_vs_params";
            desc.uniform_blocks[1].stage = SG_SHADERSTAGE_FRAGMENT;
            desc.uniform_blocks[1].layout = SG_UNIFORMLAYOUT_STD140;
            desc.uniform_blocks[1].size = 16;
            desc.uniform_blocks[1].glsl_uniforms[0].type = SG_UNIFORMTYPE_FLOAT4;
            desc.uniform_blocks[1].glsl_uniforms[0].array_count = 1;
            desc.uniform_blocks[1].glsl_uniforms[0].glsl_name = "post_mix_params";
            desc.views[0].texture.stage = SG_SHADERSTAGE_FRAGMENT;
            desc.views[0].texture.image_type = SG_IMAGETYPE_2D;
            desc.views[0].texture.sample_type = SG_IMAGESAMPLETYPE_FLOAT;
            desc.views[0].texture.multisampled = false;
            desc.views[1].texture.stage = SG_SHADERSTAGE_FRAGMENT;
            desc.views[1].texture.image_type = SG_IMAGETYPE_2D;
            desc.views[1].texture.sample_type = SG_IMAGESAMPLETYPE_FLOAT;
            desc.views[1].texture.multisampled = false;
            desc.samplers[0].stage = SG_SHADERSTAGE_FRAGMENT;
            desc.samplers[0].sampler_type = SG_SAMPLERTYPE_FILTERING;
            desc.samplers[1].stage = SG_SHADERSTAGE_FRAGMENT;
            desc.samplers[1].sampler_type = SG_SAMPLERTYPE_FILTERING;
            desc.texture_sampler_pairs[0].stage = SG_SHADERSTAGE_FRAGMENT;
            desc.texture_sampler_pairs[0].view_slot = 0;
            desc.texture_sampler_pairs[0].sampler_slot = 0;
            desc.texture_sampler_pairs[0].glsl_name = "post_mix_a_post_mix_a_smp";
            desc.texture_sampler_pairs[1].stage = SG_SHADERSTAGE_FRAGMENT;
            desc.texture_sampler_pairs[1].view_slot = 1;
            desc.texture_sampler_pairs[1].sampler_slot = 1;
            desc.texture_sampler_pairs[1].glsl_name = "post_mix_b_post_mix_b_smp";
            desc.label = "post_mix_shader";
        }
        return &desc;
    }
    if (backend == SG_BACKEND_GLES3) {
        static sg_shader_desc desc;
        static bool valid;
        if (!valid) {
            valid = true;
            desc.vertex_func.source = (const char*)post_vs_source_glsl300es;
            desc.vertex_func.entry = "main";
            desc.fragment_func.source = (const char*)post_mix_fs_source_glsl300es;
            desc.fragment_func.entry = "main";
            desc.attrs[0].base_type = SG_SHADERATTRBASETYPE_FLOAT;
            desc.attrs[0].glsl_name = "a_pos";
            desc.attrs[1].base_type = SG_SHADERATTRBASETYPE_FLOAT;
            desc.attrs[1].glsl_name = "a_uv";
            desc.uniform_blocks[0].stage = SG_SHADERSTAGE_VERTEX;
            desc.uniform_blocks[0].layout = SG_UNIFORMLAYOUT_STD140;
            desc.uniform_blocks[0].size = 16;
            desc.uniform_blocks[0].glsl_uniforms[0].type = SG_UNIFORMTYPE_FLOAT4;
            desc.uniform_blocks[0].glsl_uniforms[0].array_count = 1;
            desc.uniform_blocks[0].glsl_uniforms[0].glsl_name = "post_vs_params";
            desc.uniform_blocks[1].stage = SG_SHADERSTAGE_FRAGMENT;
            desc.uniform_blocks[1].layout = SG_UNIFORMLAYOUT_STD140;
            desc.uniform_blocks[1].size = 16;
            desc.uniform_blocks[1].glsl_uniforms[0].type = SG_UNIFORMTYPE_FLOAT4;
            desc.uniform_blocks[1].glsl_uniforms[0].array_count = 1;
            desc.uniform_blocks[1].glsl_uniforms[0].glsl_name = "post_mix_params";
            desc.views[0].texture.stage = SG_SHADERSTAGE_FRAGMENT;
            desc.views[0].texture.image_type = SG_IMAGETYPE_2D;
            desc.views[0].texture.sample_type = SG_IMAGESAMPLETYPE_FLOAT;
            desc.views[0].texture.multisampled = false;
            desc.views[1].texture.stage = SG_SHADERSTAGE_FRAGMENT;
            desc.views[1].texture.image_type = SG_IMAGETYPE_2D;
            desc.views[1].texture.sample_type = SG_IMAGESAMPLETYPE_FLOAT;
            desc.views[1].texture.multisampled = false;
            desc.samplers[0].stage = SG_SHADERSTAGE_FRAGMENT;
            desc.samplers[0].sampler_type = SG_SAMPLERTYPE_FILTERING;
            desc.samplers[1].stage = SG_SHADERSTAGE_FRAGMENT;
            desc.samplers[1].sampler_type = SG_SAMPLERTYPE_FILTERING;
            desc.texture_sampler_pairs[0].stage = SG_SHADERSTAGE_FRAGMENT;
            desc.texture_sampler_pairs[0].view_slot = 0;
            desc.texture_sampler_pairs[0].sampler_slot = 0;
            desc.texture_sampler_pairs[0].glsl_name = "post_mix_a_post_mix_a_smp";
            desc.texture_sampler_pairs[1].stage = SG_SHADERSTAGE_FRAGMENT;
            desc.texture_sampler_pairs[1].view_slot = 1;
            desc.texture_sampler_pairs[1].sampler_slot = 1;
            desc.texture_sampler_pairs[1].glsl_name = "post_mix_b_post_mix_b_smp";
            desc.label = "post_mix_shader";
        }
        return &desc;
    }
    if (backend == SG_BACKEND_D3D11) {
        static sg_shader_desc desc;
        static bool valid;
        if (!valid) {
            valid = true;
            desc.vertex_func.source = (const char*)post_vs_source_hlsl4;
            desc.vertex_func.d3d11_target = "vs_4_0";
            desc.vertex_func.entry = "main";
            desc.fragment_func.source = (const char*)post_mix_fs_source_hlsl4;
            desc.fragment_func.d3d11_target = "ps_4_0";
            desc.fragment_func.entry = "main";
            desc.attrs[0].base_type = SG_SHADERATTRBASETYPE_FLOAT;
            desc.attrs[0].hlsl_sem_name = "TEXCOORD";
            desc.attrs[0].hlsl_sem_index = 0;
            desc.attrs[1].base_type = SG_SHADERATTRBASETYPE_FLOAT;
            desc.attrs[1].hlsl_sem_name = "TEXCOORD";
            desc.attrs[1].hlsl_sem_index = 1;
            desc.uniform_blocks[0].stage = SG_SHADERSTAGE_VERTEX;
            desc.uniform_blocks[0].layout = SG_UNIFORMLAYOUT_STD140;
            desc.uniform_blocks[0].size = 16;
            desc.uniform_blocks[0].hlsl_register_b_n = 0;
            desc.uniform_blocks[1].stage = SG_SHADERSTAGE_FRAGMENT;
            desc.uniform_blocks[1].layout = SG_UNIFORMLAYOUT_STD140;
            desc.uniform_blocks[1].size = 16;
            desc.uniform_blocks[1].hlsl_register_b_n = 1;
            desc.views[0].texture.stage = SG_SHADERSTAGE_FRAGMENT;
            desc.views[0].texture.image_type = SG_IMAGETYPE_2D;
            desc.views[0].texture.sample_type = SG_IMAGESAMPLETYPE_FLOAT;
            desc.views[0].texture.multisampled = false;
            desc.views[0].texture.hlsl_register_t_n = 0;
            desc.views[1].texture.stage = SG_SHADERSTAGE_FRAGMENT;
            desc.views[1].texture.image_type = SG_IMAGETYPE_2D;
            desc.views[1].texture.sample_type = SG_IMAGESAMPLETYPE_FLOAT;
            desc.views[1].texture.multisampled = false;
            desc.views[1].texture.hlsl_register_t_n = 1;
            desc.samplers[0].stage = SG_SHADERSTAGE_FRAGMENT;
            desc.samplers[0].sampler_type = SG_SAMPLERTYPE_FILTERING;
            desc.samplers[0].hlsl_register_s_n = 0;
            desc.samplers[1].stage = SG_SHADERSTAGE_FRAGMENT;
            desc.samplers[1].sampler_type = SG_SAMPLERTYPE_FILTERING;
            desc.samplers[1].hlsl_register_s_n = 1;
            desc.texture_sampler_pairs[0].stage = SG_SHADERSTAGE_FRAGMENT;
            desc.texture_sampler_pairs[0].view_slot = 0;
            desc.texture_sampler_pairs[0].sampler_slot = 0;
            desc.texture_sampler_pairs[1].stage = SG_SHADERSTAGE_FRAGMENT;
            desc.texture_sampler_pairs[1].view_slot = 1;
            desc.texture_sampler_pairs[1].sampler_slot = 1;
            desc.label = "post_mix_shader";
        }
        return &desc;
    }
    if (backend == SG_BACKEND_METAL_MACOS) {
        static sg_shader_desc desc;
        static bool valid;
        if (!valid) {
            valid = true;
            desc.vertex_func.source = (const char*)post_vs_source_metal_macos;
            desc.vertex_func.entry = "main0";
            desc.fragment_func.source = (const char*)post_mix_fs_source_metal_macos;
            desc.fragment_func.entry = "main0";
            desc.attrs[0].base_type = SG_SHADERATTRBASETYPE_FLOAT;
            desc.attrs[1].base_type = SG_SHADERATTRBASETYPE_FLOAT;
            desc.uniform_blocks[0].stage = SG_SHADERSTAGE_VERTEX;
            desc.uniform_blocks[0].layout = SG_UNIFORMLAYOUT_STD140;
            desc.uniform_blocks[0].size = 16;
            desc.uniform_blocks[0].msl_buffer_n = 0;
            desc.uniform_blocks[1].stage = SG_SHADERSTAGE_FRAGMENT;
            desc.uniform_blocks[1].layout = SG_UNIFORMLAYOUT_STD140;
            desc.uniform_blocks[1].size = 16;
            desc.uniform_blocks[1].msl_buffer_n = 1;
            desc.views[0].texture.stage = SG_SHADERSTAGE_FRAGMENT;
            desc.views[0].texture.image_type = SG_IMAGETYPE_2D;
            desc.views[0].texture.sample_type = SG_IMAGESAMPLETYPE_FLOAT;
            desc.views[0].texture.multisampled = false;
            desc.views[0].texture.msl_texture_n = 0;
            desc.views[1].texture.stage = SG_SHADERSTAGE_FRAGMENT;
            desc.views[1].texture.image_type = SG_IMAGETYPE_2D;
            desc.views[1].texture.sample_type = SG_IMAGESAMPLETYPE_FLOAT;
            desc.views[1].texture.multisampled = false;
            desc.views[1].texture.msl_texture_n = 1;
            desc.samplers[0].stage = SG_SHADERSTAGE_FRAGMENT;
            desc.samplers[0].sampler_type = SG_SAMPLERTYPE_FILTERING;
            desc.samplers[0].msl_sampler_n = 0;
            desc.samplers[1].stage = SG_SHADERSTAGE_FRAGMENT;
            desc.samplers[1].sampler_type = SG_SAMPLERTYPE_FILTERING;
            desc.samplers[1].msl_sampler_n = 1;
            desc.texture_sampler_pairs[0].stage = SG_SHADERSTAGE_FRAGMENT;
            desc.texture_sampler_pairs[0].view_slot = 0;
            desc.texture_sampler_pairs[0].sampler_slot = 0;
            desc.texture_sampler_pairs[1].stage = SG_SHADERSTAGE_FRAGMENT;
            desc.texture_sampler_pairs[1].view_slot = 1;
            desc.texture_sampler_pairs[1].sampler_slot = 1;
            desc.label = "post_mix_shader";
        }
        return &desc;
    }
    return 0;
}
#endif // SOKOL_SHDC_IMPL